row,field,before,after
123,Source URL,{'url': 'https://www.wsaz.com/2026/05/24/data-center-construction-causes-severe-flooding-mason-county-residents-be-reimb,https://www.wsaz.com/2026/05/24/data-center-construction-causes-severe-flooding-mason-county-residents-be-reimbursed/
322,Source URL,{'url': 'https://www.ky3.com/2026/06/17/carroll-county-unanimously-passes-1-year-moratorium-data-centers-other-high-inte,https://www.ky3.com/2026/06/17/carroll-county-unanimously-passes-1-year-moratorium-data-centers-other-high-intensity-dig
415,Source URL,"{'url': 'https://denverite.com/2026/05/18/denver-data-center-moratorium-passes-ban/', 'title': 'Denver data center morat",https://denverite.com/2026/05/18/denver-data-center-moratorium-passes-ban/
867,Source URL,"{'url': 'https://www.texastribune.org/2026/06/10/texas-greg-abbott-data-centers-regulation-sales-tax/', 'title': 'Greg A",https://www.texastribune.org/2026/06/10/texas-greg-abbott-data-centers-regulation-sales-tax/
886,Source URL,"{'url': 'https://www.thecentersquare.com/pennsylvania/article_06f92bfc-34c1-430c-9487-375bde5c9415.html', 'title': ""Muni",https://www.thecentersquare.com/pennsylvania/article_06f92bfc-34c1-430c-9487-375bde5c9415.html
888,Source URL,{'url': 'https://bethesdamagazine.com/2026/05/06/the-urgency-is-real-glass-introduces-bill-to-halt-data-center-permits/',https://bethesdamagazine.com/2026/05/06/the-urgency-is-real-glass-introduces-bill-to-halt-data-center-permits/
1039,Source URL,"{'url': 'https://oversight.house.gov/wp-content/uploads/2026/05/Altman-OpenAI-Letter-050826.pdf', 'title': 'Comer letter",https://oversight.house.gov/wp-content/uploads/2026/05/Altman-OpenAI-Letter-050826.pdf
1040,Source URL,{'url': 'https://sourcenm.com/2026/05/07/blm-fast-tracks-green-chile-pipeline-construction-review-for-new-mexico-data-ce,https://sourcenm.com/2026/05/07/blm-fast-tracks-green-chile-pipeline-construction-review-for-new-mexico-data-center-proj
1041,Source URL,{'url': 'https://www.hpcwire.com/off-the-wire/nists-caisi-announces-new-frontier-ai-testing-agreements-with-google-deepm,https://www.hpcwire.com/off-the-wire/nists-caisi-announces-new-frontier-ai-testing-agreements-with-google-deepmind-micro
1042,Source URL,{'url': 'https://federalnewsnetwork.com/defense-news/2026/05/dod-strikes-deals-with-major-tech-firms-to-deploy-ai-on-cla,https://federalnewsnetwork.com/defense-news/2026/05/dod-strikes-deals-with-major-tech-firms-to-deploy-ai-on-classified-n
1043,Source URL,"{'url': 'https://www.utilitydive.com/news/nerc-issues-rare-level-3-alert-over-data-center-load-losses/819295/', 'title':",https://www.utilitydive.com/news/nerc-issues-rare-level-3-alert-over-data-center-load-losses/819295/
1044,Source URL,"{'url': 'https://thevwindependent.com/news/2026/05/11/council-unanimously-approves-data-center-legislation/', 'title': '",https://thevwindependent.com/news/2026/05/11/council-unanimously-approves-data-center-legislation/
1045,Source URL,"{'url': 'https://www.cleveland.com/summit-county/2026/05/twinsburg-approves-one-year-data-center-moratorium.html', 'titl",https://www.cleveland.com/summit-county/2026/05/twinsburg-approves-one-year-data-center-moratorium.html
1046,Source URL,{'url': 'https://www.vindy.com/news/local-news/2026/05/lordstown-officials-plan-to-re-up-180-day-moratorium-on-data-cent,https://www.vindy.com/news/local-news/2026/05/lordstown-officials-plan-to-re-up-180-day-moratorium-on-data-centers/
1047,Source URL,"{'url': 'https://www.wosu.org/2026-05-11/environmental-group-asking-for-moratorium-on-new-data-center-in-ohio', 'title':",https://www.wosu.org/2026-05-11/environmental-group-asking-for-moratorium-on-new-data-center-in-ohio
1048,Source URL,{'url': 'https://www.ipm.org/news/2026-05-12/washington-city-council-cancels-data-center-development-will-explore-morato,https://www.ipm.org/news/2026-05-12/washington-city-council-cancels-data-center-development-will-explore-moratorium
1049,Source URL,{'url': 'https://www.wfyi.org/wfyi-news/2026-05-04/metrobloks-data-center-gets-final-approval-for-martindale-brightwood',https://www.wfyi.org/wfyi-news/2026-05-04/metrobloks-data-center-gets-final-approval-for-martindale-brightwood
1050,Source URL,"{'url': 'https://www.wfyi.org/wfyi-news/2026-05-12/martindale-brightwood-data-center-court-challenge', 'title': 'Martind",https://www.wfyi.org/wfyi-news/2026-05-12/martindale-brightwood-data-center-court-challenge
1051,Source URL,"{'url': 'https://www.ibj.com/articles/boone-county-considering-moratorium-on-data-centers', 'title': 'Boone County consi",https://www.ibj.com/articles/boone-county-considering-moratorium-on-data-centers
1052,Source URL,"{'url': 'https://www.25newsnow.com/2026/05/07/tazewell-county-board-votes-land-amendment-crafts-data-center-ordinance/',",https://www.25newsnow.com/2026/05/07/tazewell-county-board-votes-land-amendment-crafts-data-center-ordinance/
1053,Source URL,{'url': 'https://www.stlpr.org/health-science-environment/2026-05-01/illinois-lawmakers-debate-data-center-regulations-i,https://www.stlpr.org/health-science-environment/2026-05-01/illinois-lawmakers-debate-data-center-regulations-in-respons
1054,Source URL,{'url': 'https://www.wndu.com/2026/05/12/officials-approve-30-day-moratorium-data-center-penn-township-residents-request,https://www.wndu.com/2026/05/12/officials-approve-30-day-moratorium-data-center-penn-township-residents-request-longer-t
1055,Source URL,"{'url': 'https://writing.strisker.com/data-centers-daily-notes-may-11-2026/', 'title': 'Data Centers daily notes May 11 ",https://writing.strisker.com/data-centers-daily-notes-may-11-2026/
1056,Source URL,"{'url': 'https://fortune.com/2026/05/06/ai-data-center-michigan-saline-politics-farmland/', 'title': 'Michigan farm town",https://fortune.com/2026/05/06/ai-data-center-michigan-saline-politics-farmland/
1057,Source URL,{'url': 'https://wisconsinwatch.org/2026/05/psc-approves-alliant-meta-data-center-power-deal-while-criticizing-black-box,https://wisconsinwatch.org/2026/05/psc-approves-alliant-meta-data-center-power-deal-while-criticizing-black-box-approach
1058,Source URL,"{'url': 'https://whbl.com/2026/05/05/city-of-sheboygan-sends-data-center-limits-to-plan-commission/', 'title': 'Sheboyga",https://whbl.com/2026/05/05/city-of-sheboygan-sends-data-center-limits-to-plan-commission/
1059,Source URL,{'url': 'https://www.southernminn.com/lonsdale_area_news_review/news/lonsdale-passes-1-year-moratorium-on-data-centers-w,https://www.southernminn.com/lonsdale_area_news_review/news/lonsdale-passes-1-year-moratorium-on-data-centers-we-need-to
1060,Source URL,"{'url': 'https://knsiradio.com/2026/05/04/waite-park-council-to-hear-public-input-tonight-on-data-center-moratorium/', '",https://knsiradio.com/2026/05/04/waite-park-council-to-hear-public-input-tonight-on-data-center-moratorium/
1061,Source URL,{'url': 'https://www.ky3.com/2026/05/06/camdenton-mo-residents-pack-city-hall-voice-opinions-citys-proposed-ai-data-cent,https://www.ky3.com/2026/05/06/camdenton-mo-residents-pack-city-hall-voice-opinions-citys-proposed-ai-data-center-morato
1062,Source URL,"{'url': 'https://www.ky3.com/2026/05/11/hundreds-pack-marshfield-mo-meeting-over-planned-ai-data-center/', 'title': 'Hun",https://www.ky3.com/2026/05/11/hundreds-pack-marshfield-mo-meeting-over-planned-ai-data-center/
1063,Source URL,{'url': 'https://www.kfvs12.com/2026/05/07/industry-experts-consumer-advocates-inform-missouri-lawmakers-risks-rewards-d,https://www.kfvs12.com/2026/05/07/industry-experts-consumer-advocates-inform-missouri-lawmakers-risks-rewards-data-cente
1064,Source URL,{'url': 'https://www.kshb.com/news/local-news/gardner-neighbors-overcome-data-center-proposal-developer-wanted-tax-break,https://www.kshb.com/news/local-news/gardner-neighbors-overcome-data-center-proposal-developer-wanted-tax-breaks-for-pro
1065,Source URL,"{'url': 'https://lawrencekstimes.com/2026/05/06/dgcocomm-bess-work-session/', 'title': 'Douglas County BESS work session",https://lawrencekstimes.com/2026/05/06/dgcocomm-bess-work-session/
1066,Source URL,{'url': 'https://northdakotamonitor.com/2026/05/11/data-center-dilemma-who-should-decide-where-they-go-in-north-dakota/',https://northdakotamonitor.com/2026/05/11/data-center-dilemma-who-should-decide-where-they-go-in-north-dakota/
1067,Source URL,{'url': 'https://www.12news.com/article/news/local/valley/maricopa-county-board-approves-10b-data-center-amid-public-out,https://www.12news.com/article/news/local/valley/maricopa-county-board-approves-10b-data-center-amid-public-outcry-cites
1068,Source URL,"{'url': 'https://www.sltrib.com/news/2026/05/04/utah-data-center-final-vote-box/', 'title': 'Utah data center final vote",https://www.sltrib.com/news/2026/05/04/utah-data-center-final-vote-box/
1069,Source URL,{'url': 'https://sanangelolive.com/news/san-angelo/2026-05-05/city-council-advances-data-center-regulations-2nd-hearing-,https://sanangelolive.com/news/san-angelo/2026-05-05/city-council-advances-data-center-regulations-2nd-hearing-set
1070,Source URL,{'url': 'https://www.kltv.com/2026/05/06/residents-protest-sulphur-springs-allots-12-million-cost-data-center-lawsuits/',https://www.kltv.com/2026/05/06/residents-protest-sulphur-springs-allots-12-million-cost-data-center-lawsuits/
1071,Source URL,{'url': 'https://www.kjzz.org/fronteras-desk/2026-05-08/tucson-cuts-off-water-to-project-blue-data-center-construction-c,https://www.kjzz.org/fronteras-desk/2026-05-08/tucson-cuts-off-water-to-project-blue-data-center-construction-contractor
1072,Source URL,{'url': 'https://www.kbtx.com/2026/05/07/grimes-county-takes-no-action-spacex-tax-abatement-proposed-119-billion-project,https://www.kbtx.com/2026/05/07/grimes-county-takes-no-action-spacex-tax-abatement-proposed-119-billion-project/
1073,Source URL,"{'url': 'https://coloradonewsline.com/2026/05/11/data-center-bills-rejected-legislative-session/', 'title': 'Colorado da",https://coloradonewsline.com/2026/05/11/data-center-bills-rejected-legislative-session/
1074,Source URL,{'url': 'https://www.publicradiotulsa.org/local-regional/2026-05-05/oklahoma-lawmakers-to-make-final-changes-to-data-cen,https://www.publicradiotulsa.org/local-regional/2026-05-05/oklahoma-lawmakers-to-make-final-changes-to-data-center-custo
1075,Source URL,{'url': 'https://www.fox5vegas.com/2026/05/06/developers-proposed-data-center-hold-second-community-meeting-opposition-c,https://www.fox5vegas.com/2026/05/06/developers-proposed-data-center-hold-second-community-meeting-opposition-continues/
1076,Source URL,"{'url': 'https://www.kptv.com/2026/05/11/hillsboro-councilor-calls-emergency-session-data-center-tax-breaks/', 'title': ",https://www.kptv.com/2026/05/11/hillsboro-councilor-calls-emergency-session-data-center-tax-breaks/
1077,Source URL,{'url': 'https://cowboystatedaily.com/2026/05/04/with-up-to-70-cheyenne-area-data-centers-in-the-works-petition-calls-fo,https://cowboystatedaily.com/2026/05/04/with-up-to-70-cheyenne-area-data-centers-in-the-works-petition-calls-for-pause/
1078,Source URL,{'url': 'https://oilcity.news/government/state/2026/05/08/microsoft-prometheus-hyperscale-pitch-water-saving-tech-to-wyo,https://oilcity.news/government/state/2026/05/08/microsoft-prometheus-hyperscale-pitch-water-saving-tech-to-wyoming-comm
1079,Source URL,"{'url': 'https://www.texastribune.org/2026/05/07/texas-republicans-data-centers-rural/', 'title': 'Texas Republicans on ",https://www.texastribune.org/2026/05/07/texas-republicans-data-centers-rural/
1080,Source URL,{'url': 'https://sourcenm.com/2026/04/27/nm-project-jupiter-data-center-developers-announce-new-plans-for-generating-pow,https://sourcenm.com/2026/04/27/nm-project-jupiter-data-center-developers-announce-new-plans-for-generating-power/
1081,Source URL,{'url': 'https://www.datacenterdynamics.com/en/news/oracleopenai-drop-plans-to-expand-flagship-abilene-stargate-site-met,https://www.datacenterdynamics.com/en/news/oracleopenai-drop-plans-to-expand-flagship-abilene-stargate-site-meta-in-talk
1082,Source URL,{'url': 'https://www.washingtontimes.com/news/2026/may/4/developer-asks-virginia-supreme-court-overturn-ruling-blocking-,https://www.washingtontimes.com/news/2026/may/4/developer-asks-virginia-supreme-court-overturn-ruling-blocking-data/
1083,Source URL,{'url': 'https://wset.com/news/local/campbell-county-requires-special-use-permits-for-data-centers-after-unanimous-board,https://wset.com/news/local/campbell-county-requires-special-use-permits-for-data-centers-after-unanimous-board-vote-may
1084,Source URL,"{'url': 'https://www.wdbj7.com/2026/05/06/proposed-zoning-rewrite-sparks-data-center-questions-franklin-county/', 'title",https://www.wdbj7.com/2026/05/06/proposed-zoning-rewrite-sparks-data-center-questions-franklin-county/
1085,Source URL,"{'url': 'https://www.wral.com/news/local/durham-city-council-data-center-meeting-may-2026/', 'title': 'Durham City Counc",https://www.wral.com/news/local/durham-city-council-data-center-meeting-may-2026/
1086,Source URL,"{'url': 'https://www.northcarolinahealthnews.org/2026/05/08/northampton-data-center-moratorium/', 'title': 'Northampton ",https://www.northcarolinahealthnews.org/2026/05/08/northampton-data-center-moratorium/
1087,Source URL,"{'url': 'https://nsjonline.com/article/2026/05/chatham-county-faces-lawsuit-over-data-center-moratorium/', 'title': 'Cha",https://nsjonline.com/article/2026/05/chatham-county-faces-lawsuit-over-data-center-moratorium/
1088,Source URL,"{'url': 'https://ncnewsline.com/2026/05/08/nc-bills-target-data-center-boom-seeking-tax-changes-consumer-protections/', ",https://ncnewsline.com/2026/05/08/nc-bills-target-data-center-boom-seeking-tax-changes-consumer-protections/
1089,Source URL,"{'url': 'https://www.aol.com/articles/south-carolina-county-passes-first-090447896.html', 'title': 'South Carolina count",https://www.aol.com/articles/south-carolina-county-passes-first-090447896.html
1090,Source URL,{'url': 'https://www.statesboroherald.com/local/commissioners-extend-both-moratoriums-step-toward-outright-ban-on-data-c,https://www.statesboroherald.com/local/commissioners-extend-both-moratoriums-step-toward-outright-ban-on-data-centers/
1091,Source URL,{'url': 'https://dailyenergyinsider.com/hearing-summaries/52188-georgia-power-seeks-monthly-fuel-rate-decrease-as-commis,https://dailyenergyinsider.com/hearing-summaries/52188-georgia-power-seeks-monthly-fuel-rate-decrease-as-commissioners-p
1092,Source URL,"{'url': 'https://winbuzzer.com/2026/05/12/georgia-data-center-secretly-used-29m-gallons-of-water-xcxwbn/', 'title': 'Geo",https://winbuzzer.com/2026/05/12/georgia-data-center-secretly-used-29m-gallons-of-water-xcxwbn/
1093,Source URL,"{'url': 'https://floridaphoenix.com/2026/05/07/florida-has-a-new-law-regulating-ai-data-centers/', 'title': 'Florida has",https://floridaphoenix.com/2026/05/07/florida-has-a-new-law-regulating-ai-data-centers/
1094,Source URL,"{'url': 'https://stetnews.org/2026/05/07/project-tango-dueling-applications-throw-data-center-project-into-disarray/', '",https://stetnews.org/2026/05/07/project-tango-dueling-applications-throw-data-center-project-into-disarray/
1095,Source URL,"{'url': 'https://www.wvlt.tv/2026/05/08/knox-county-consider-limits-data-centers-noise-looks-utilities/', 'title': 'Knox",https://www.wvlt.tv/2026/05/08/knox-county-consider-limits-data-centers-noise-looks-utilities/
1096,Source URL,"{'url': 'https://writing.strisker.com/data-centers-daily-notes-may-11-2026/', 'title': 'Data Centers daily notes May 11 ",https://writing.strisker.com/data-centers-daily-notes-may-11-2026/
1097,Source URL,{'url': 'https://earthjustice.org/press/2026/naacp-asks-court-for-emergency-action-to-stop-illegal-air-pollution-from-xa,https://earthjustice.org/press/2026/naacp-asks-court-for-emergency-action-to-stop-illegal-air-pollution-from-xais-data-c
1098,Source URL,"{'url': 'https://mississippitoday.org/2026/05/11/xai-46-gas-turbines-no-air-permits/', 'title': 'xAI 46 gas turbines wit",https://mississippitoday.org/2026/05/11/xai-46-gas-turbines-no-air-permits/
1099,Source URL,"{'url': 'https://www.yahoo.com/news/articles/concerns-over-xai-environment-mark-100427490.html', 'title': 'Concerns over",https://www.yahoo.com/news/articles/concerns-over-xai-environment-mark-100427490.html
1100,Source URL,{'url': 'https://bgdailynews.com/2026/05/12/data-center-regulations-in-cave-city-voted-down-council-supports-moratorium/,https://bgdailynews.com/2026/05/12/data-center-regulations-in-cave-city-voted-down-council-supports-moratorium/
1101,Source URL,"{'url': 'https://louisvilleky.gov/news/councilwoman-chappell-reintroduces-temporary-moratorium-data-centers', 'title': '",https://louisvilleky.gov/news/councilwoman-chappell-reintroduces-temporary-moratorium-data-centers
1102,Source URL,"{'url': 'https://www.lpm.org/news/2026-05-11/a-data-center-insider-wants-to-halt-their-construction-in-kentucky', 'title",https://www.lpm.org/news/2026-05-11/a-data-center-insider-wants-to-halt-their-construction-in-kentucky
1103,Source URL,"{'url': 'https://mountainstatespotlight.org/2026/05/03/mingo-county-data-centers/', 'title': 'Mingo County data centers ",https://mountainstatespotlight.org/2026/05/03/mingo-county-data-centers/
1104,Source URL,{'url': 'https://newjersey.news12.com/2026/05/10/andover-plans-ban-on-ai-data-centers-after-tense-meeting-and-viral-vide,https://newjersey.news12.com/2026/05/10/andover-plans-ban-on-ai-data-centers-after-tense-meeting-and-viral-video/5ouXiKx
1105,Source URL,{'url': 'https://newjersey.news12.com/2026/05/07/union-county-residents-protest-proposed-ai-data-center-in-kenilworth/23,https://newjersey.news12.com/2026/05/07/union-county-residents-protest-proposed-ai-data-center-in-kenilworth/23Tni8ixRsZ
1106,Source URL,{'url': 'https://www.boston.com/news/local-news/2026/05/07/lowell-residents-file-massachusetts-first-lawsuit-against-a-d,https://www.boston.com/news/local-news/2026/05/07/lowell-residents-file-massachusetts-first-lawsuit-against-a-data-cente
1107,Source URL,"{'url': 'https://news.fundsforngos.org/2026/05/11/maryland-files-ferc-complaint-over-1-6b-data-center-power-bill/', 'tit",https://news.fundsforngos.org/2026/05/11/maryland-files-ferc-complaint-over-1-6b-data-center-power-bill/
1108,Source URL,"{'url': 'https://www.baltimoresun.com/2026/05/07/cassilly-proposes-permanent-data-center-ban/', 'title': 'Cassilly propo",https://www.baltimoresun.com/2026/05/07/cassilly-proposes-permanent-data-center-ban/
1109,Source URL,{'url': 'https://www.wesa.fm/environment-energy/2026-05-08/pennsylvania-public-utility-commission-data-center-protection,https://www.wesa.fm/environment-energy/2026-05-08/pennsylvania-public-utility-commission-data-center-protection
1110,Source URL,"{'url': 'https://www.inquirer.com/news/pennsylvania/conshohocken-ai-data-center-proposal-zoning-20260505.html', 'title':",https://www.inquirer.com/news/pennsylvania/conshohocken-ai-data-center-proposal-zoning-20260505.html
1111,Source URL,{'url': 'https://www.sungazette.com/news/top-news/2026/05/pine-creek-township-to-consider-ordinance-amendment-to-address,https://www.sungazette.com/news/top-news/2026/05/pine-creek-township-to-consider-ordinance-amendment-to-address-data-cen
1112,Source URL,"{'url': 'https://ctmirror.org/2026/05/11/ct-2026-bills-that-didnt-pass/', 'title': ""CT 2026 bills that didn't pass""}",https://ctmirror.org/2026/05/11/ct-2026-bills-that-didnt-pass/
1113,Source URL,"{'url': 'https://agencychecklists.com/2026/05/12/massachusetts-ai-data-centers-energy-climate-debate-81930/', 'title': '",https://agencychecklists.com/2026/05/12/massachusetts-ai-data-centers-energy-climate-debate-81930/
1114,Source URL,"{'url': 'https://midhudsonnews.com/2026/05/08/rumors-of-proposed-data-center-are-premature/', 'title': 'Hudson Valley Tr",https://midhudsonnews.com/2026/05/08/rumors-of-proposed-data-center-are-premature/
1115,Source URL,{'url': 'https://insideclimatenews.org/news/11052026/epa-proposes-looser-construction-rules-for-gas-plants-data-centers/,https://insideclimatenews.org/news/11052026/epa-proposes-looser-construction-rules-for-gas-plants-data-centers/
1116,Source URL,{'url': 'https://defensescoop.com/2026/05/22/dod-wants-nearly-30-billion-to-modernize-its-ai-supercomputing-arsenal-in-f,https://defensescoop.com/2026/05/22/dod-wants-nearly-30-billion-to-modernize-its-ai-supercomputing-arsenal-in-fiscal-202
1117,Source URL,{'url': 'https://energycommerce.house.gov/events/energy-hearing-wires-rates-and-states-permitting-transmission-for-relia,https://energycommerce.house.gov/events/energy-hearing-wires-rates-and-states-permitting-transmission-for-reliable-and-a
1118,Source URL,{'url': 'https://www.wndu.com/2026/05/13/porter-township-approves-one-year-moratorium-establish-data-center-guidelines/',https://www.wndu.com/2026/05/13/porter-township-approves-one-year-moratorium-establish-data-center-guidelines/
1119,Source URL,"{'url': 'https://www.startribune.com/minneapolis-data-centers-moratorium/601846955', 'title': 'Minneapolis data centers ",https://www.startribune.com/minneapolis-data-centers-moratorium/601846955
1120,Source URL,{'url': 'https://www.dasselcokato.com/articles/enterprisedispatch-news/wright-county-enacts-one-year-emergency-freeze-on,https://www.dasselcokato.com/articles/enterprisedispatch-news/wright-county-enacts-one-year-emergency-freeze-on-data-cen
1121,Source URL,"{'url': 'https://www.cbsnews.com/minnesota/news/inver-grove-heights-data-center-moratorium/', 'title': 'Inver Grove Heig",https://www.cbsnews.com/minnesota/news/inver-grove-heights-data-center-moratorium/
1122,Source URL,"{'url': 'https://www.25newsnow.com/2026/05/19/data-center-pauses-considered-normal-bloomington/', 'title': 'Data center ",https://www.25newsnow.com/2026/05/19/data-center-pauses-considered-normal-bloomington/
1123,Source URL,"{'url': 'https://ysnews.com/news/2026/05/village-council-considers-data-center-moratorium-in-yellow-springs', 'title': '",https://ysnews.com/news/2026/05/village-council-considers-data-center-moratorium-in-yellow-springs
1124,Source URL,"{'url': 'https://spectrumnews1.com/oh/columbus/news/2026/05/22/cleveland-data-center-moratorium', 'title': 'Cleveland da",https://spectrumnews1.com/oh/columbus/news/2026/05/22/cleveland-data-center-moratorium
1125,Source URL,"{'url': 'https://www.thecooldown.com/green-business/painesville-township-ohio-data-center/', 'title': 'Painesville Towns",https://www.thecooldown.com/green-business/painesville-township-ohio-data-center/
1126,Source URL,"{'url': 'https://www.tribtoday.com/news/local-news/2026/05/hubbard-prepares-legislation-for-data-center-moratorium/', 't",https://www.tribtoday.com/news/local-news/2026/05/hubbard-prepares-legislation-for-data-center-moratorium/
1127,Source URL,"{'url': 'https://www.wfyi.org/wfyi-news/2026-05-22/dc-blox-data-center-indianapolis-warren-township-residents', 'title':",https://www.wfyi.org/wfyi-news/2026-05-22/dc-blox-data-center-indianapolis-warren-township-residents
1128,Source URL,"{'url': 'https://www.abc57.com/news/local-groups-advocate-against-third-data-center-in-st-joseph-county', 'title': 'Loca",https://www.abc57.com/news/local-groups-advocate-against-third-data-center-in-st-joseph-county
1129,Source URL,{'url': 'https://www.heraldbulletin.com/news/local_news/madison-county-being-asked-for-data-center-moratorium/article_57,https://www.heraldbulletin.com/news/local_news/madison-county-being-asked-for-data-center-moratorium/article_57dc7598-1e
1130,Source URL,{'url': 'https://www.mlive.com/news/grand-rapids/2026/05/residents-threaten-recall-after-lowell-township-rejects-data-ce,https://www.mlive.com/news/grand-rapids/2026/05/residents-threaten-recall-after-lowell-township-rejects-data-center-mora
1131,Source URL,{'url': 'https://www.ksdk.com/article/news/politics/st-louis-delays-vote-on-data-center-zoning-rules-after-public-pushba,https://www.ksdk.com/article/news/politics/st-louis-delays-vote-on-data-center-zoning-rules-after-public-pushback/63-0ac
1132,Source URL,"{'url': 'https://www.texastribune.org/2026/05/12/texas-hill-county-approves-data-center-construction-pause-ai/', 'title'",https://www.texastribune.org/2026/05/12/texas-hill-county-approves-data-center-construction-pause-ai/
1133,Source URL,{'url': 'https://sourcenm.com/2026/05/13/new-mexico-county-officials-approve-process-to-consider-data-center-moratorium/,https://sourcenm.com/2026/05/13/new-mexico-county-officials-approve-process-to-consider-data-center-moratorium/
1134,Source URL,"{'url': 'https://inewsource.org/2026/05/13/data-center-moratorium-imperial-county-salton-sea-calipatria/', 'title': 'Cal",https://inewsource.org/2026/05/13/data-center-moratorium-imperial-county-salton-sea-calipatria/
1135,Source URL,"{'url': 'https://inewsource.org/2026/05/13/data-center-moratorium-imperial-county-salton-sea-calipatria/', 'title': 'Imp",https://inewsource.org/2026/05/13/data-center-moratorium-imperial-county-salton-sea-calipatria/
1136,Source URL,"{'url': 'https://blockspace.media/insight/nine-texas-residents-sue-mara-expanding-granbury-bitcoin-mine-noise-fight/', '",https://blockspace.media/insight/nine-texas-residents-sue-mara-expanding-granbury-bitcoin-mine-noise-fight/
1137,Source URL,{'url': 'https://azcapitoltimes.com/news/2026/05/19/aps-rate-case-kicks-off-with-hours-of-protest-over-14-rate-increase/,https://azcapitoltimes.com/news/2026/05/19/aps-rate-case-kicks-off-with-hours-of-protest-over-14-rate-increase/
1138,Source URL,{'url': 'https://www.wsls.com/news/local/2026/05/18/pittsylvania-danville-leaders-to-vote-on-performance-agreement-for-d,https://www.wsls.com/news/local/2026/05/18/pittsylvania-danville-leaders-to-vote-on-performance-agreement-for-data-cente
1139,Source URL,"{'url': 'https://www.atlantanewsfirst.com/2026/05/13/rockdale-county-extends-ban-data-centers/', 'title': 'Rockdale Coun",https://www.atlantanewsfirst.com/2026/05/13/rockdale-county-extends-ban-data-centers/
1140,Source URL,{'url': 'https://mace.house.gov/media/press-releases/rep-nancy-mace-calls-one-year-moratorium-new-data-centers-south-car,https://mace.house.gov/media/press-releases/rep-nancy-mace-calls-one-year-moratorium-new-data-centers-south-carolina
1141,Source URL,"{'url': 'https://fox17.com/news/local/cedar-hill-mayor-calls-for-data-center-moratorium-in-tennessee', 'title': 'Cedar H",https://fox17.com/news/local/cedar-hill-mayor-calls-for-data-center-moratorium-in-tennessee
1142,Source URL,{'url': 'https://techcrunch.com/2026/05/20/musks-xai-is-being-sued-over-its-data-center-generators-now-its-buying-2-8b-m,https://techcrunch.com/2026/05/20/musks-xai-is-being-sued-over-its-data-center-generators-now-its-buying-2-8b-more/
1143,Source URL,{'url': 'https://newjersey.news12.com/2026/05/20/millville-bans-data-centers-killing-largest-proposed-facility-in-new-je,https://newjersey.news12.com/2026/05/20/millville-bans-data-centers-killing-largest-proposed-facility-in-new-jersey-hist
1144,Source URL,{'url': 'https://governor.maryland.gov/news/press-releases/governor-moore-signs-landmark-legislation-lower-energy-costs-,https://governor.maryland.gov/news/press-releases/governor-moore-signs-landmark-legislation-lower-energy-costs-maryland-
1145,Source URL,"{'url': 'https://www.foodandwaterwatch.org/2026/05/14/60-groups-to-gov-sherrill-protect-new-jersey-from-data-centers/', ",https://www.foodandwaterwatch.org/2026/05/14/60-groups-to-gov-sherrill-protect-new-jersey-from-data-centers/
1146,Source URL,{'url': 'https://newjersey.news12.com/2026/05/20/residents-protest-kenilworth-data-center-as-lawmakers-look-to-eliminate,https://newjersey.news12.com/2026/05/20/residents-protest-kenilworth-data-center-as-lawmakers-look-to-eliminate-ai-tax-c
1147,Source URL,{'url': 'https://www.foodandwaterwatch.org/2026/05/13/lawmakers-advocates-and-alarmed-new-yorkers-rally-for-ai-data-cent,https://www.foodandwaterwatch.org/2026/05/13/lawmakers-advocates-and-alarmed-new-yorkers-rally-for-ai-data-center-morato
1148,Source URL,{'url': 'https://www.schiff.senate.gov/news/press-releases/news-sen-schiff-unveils-major-legislation-to-ensure-fair-and-,https://www.schiff.senate.gov/news/press-releases/news-sen-schiff-unveils-major-legislation-to-ensure-fair-and-affordabl
1149,Source URL,{'url': 'https://www.hawley.senate.gov/hawley-blumenthal-introduce-bill-to-prevent-data-centers-from-increasing-electric,https://www.hawley.senate.gov/hawley-blumenthal-introduce-bill-to-prevent-data-centers-from-increasing-electricity-costs
1150,Source URL,"{'url': 'https://webservices.ncleg.gov/ViewDocSiteFile/119260', 'title': 'North Carolina SB 730 document'}",https://webservices.ncleg.gov/ViewDocSiteFile/119260
1151,Source URL,"{'url': 'https://legiscan.com/SD/bill/SB135/2026', 'title': 'South Dakota SB135 — 2026 Regular Session (LegiScan)'}",https://legiscan.com/SD/bill/SB135/2026
1152,Source URL,"{'url': 'https://ballotpedia.org/Ohio_Prohibition_of_Data_Center_Construction_Amendment_(2026)', 'title': 'Ohio Prohibit",https://ballotpedia.org/Ohio_Prohibition_of_Data_Center_Construction_Amendment_(2026)
1153,Source URL,{'url': 'https://www.wowktv.com/news/west-virginia/west-virginia-house-interims-data-center-policy-to-remain-part-of-sta,https://www.wowktv.com/news/west-virginia/west-virginia-house-interims-data-center-policy-to-remain-part-of-state-author
1154,Source URL,"{'url': 'https://www.yahoo.com/news/articles/texas-agriculture-commissioner-calls-pause-202649395.html', 'title': 'Texas",https://www.yahoo.com/news/articles/texas-agriculture-commissioner-calls-pause-202649395.html
1155,Source URL,{'url': 'https://northdakotamonitor.com/2026/05/19/republican-candidate-for-public-service-commission-calls-for-moratori,https://northdakotamonitor.com/2026/05/19/republican-candidate-for-public-service-commission-calls-for-moratorium-on-dat
1156,Source URL,{'url': 'https://www.news5cleveland.com/news/local-news/oh-lorain/were-just-being-proactive-this-small-lorain-county-tow,https://www.news5cleveland.com/news/local-news/oh-lorain/were-just-being-proactive-this-small-lorain-county-town-is-bann
1157,Source URL,{'url': 'https://www.10tv.com/article/news/local/jackson-township-approves-1-year-data-center-moratorium/530-b8cddb38-1b,https://www.10tv.com/article/news/local/jackson-township-approves-1-year-data-center-moratorium/530-b8cddb38-1b51-412b-a
1158,Source URL,{'url': 'https://sciotovalleyguardian.com/2026/05/04/ohio-epa-to-hold-public-meeting-wednesday-on-wetland-permit-for-goo,https://sciotovalleyguardian.com/2026/05/04/ohio-epa-to-hold-public-meeting-wednesday-on-wetland-permit-for-googles-1-bi
1159,Source URL,{'url': 'https://www.thecr.com/news/rules-approved-for-data-centers-and-battery-storage/article_d1e08843-27f1-4d1a-8ef3-,https://www.thecr.com/news/rules-approved-for-data-centers-and-battery-storage/article_d1e08843-27f1-4d1a-8ef3-742607be0
1160,Source URL,{'url': 'https://www.whas11.com/article/news/local/indiana/commissioners-uphold-decision-data-center-550-acres-jefferson,https://www.whas11.com/article/news/local/indiana/commissioners-uphold-decision-data-center-550-acres-jefferson-proving-
1161,Source URL,{'url': 'https://wsbt.com/news/local/data-center-land-annexation-vote-common-council-community-concern-oppose-against-mi,https://wsbt.com/news/local/data-center-land-annexation-vote-common-council-community-concern-oppose-against-microsoft-e
1162,Source URL,{'url': 'https://www.wandtv.com/news/illinois/logan-county-approves-12-month-moratorium-for-large-scale-data-centers/art,https://www.wandtv.com/news/illinois/logan-county-approves-12-month-moratorium-for-large-scale-data-centers/article_f7ce
1163,Source URL,{'url': 'https://www.southeastiowaunion.com/mt-pleasant/news/henry-county-imposes-moratorium-to-draft-policy-on-data-cen,https://www.southeastiowaunion.com/mt-pleasant/news/henry-county-imposes-moratorium-to-draft-policy-on-data-centers/arti
1164,Source URL,{'url': 'https://www.kcau9.com/news/local-news/iowa-great-lakes-bureau/dickinson-county-supervisors-approve-moratorium-o,https://www.kcau9.com/news/local-news/iowa-great-lakes-bureau/dickinson-county-supervisors-approve-moratorium-on-data-ce
1165,Source URL,{'url': 'https://www.kcrg.com/2026/05/22/we-have-get-this-right-dubuque-county-supervisors-consider-data-center-moratori,https://www.kcrg.com/2026/05/22/we-have-get-this-right-dubuque-county-supervisors-consider-data-center-moratorium/
1166,Source URL,{'url': 'https://www.michiganpublic.org/politics-government/2026-05-20/why-one-michigan-township-just-rejected-data-cent,https://www.michiganpublic.org/politics-government/2026-05-20/why-one-michigan-township-just-rejected-data-centers-while
1167,Source URL,{'url': 'https://www.denver7.com/news/local-news/longmont-considers-ban-on-hyperscale-data-centers-amid-growing-energy-a,https://www.denver7.com/news/local-news/longmont-considers-ban-on-hyperscale-data-centers-amid-growing-energy-and-water-
1168,Source URL,{'url': 'https://www.krgv.com/news/harlingen-officials-approve-120-day-moratorium-to-study-impact-of-potential-data-cent,https://www.krgv.com/news/harlingen-officials-approve-120-day-moratorium-to-study-impact-of-potential-data-centers/
1169,Source URL,"{'url': 'https://www.dallasnews.com/business/energy/article/red-oak-approves-data-center-rezoning-22252872.php', 'title'",https://www.dallasnews.com/business/energy/article/red-oak-approves-data-center-rezoning-22252872.php
1170,Source URL,{'url': 'https://www.keranews.org/energy-environment/2026-05-12/oppose-expand-votes-in-2-north-texas-communities-highlig,https://www.keranews.org/energy-environment/2026-05-12/oppose-expand-votes-in-2-north-texas-communities-highlight-a-divi
1171,Source URL,"{'url': 'https://www.star-telegram.com/news/local/fort-worth/article315732235.html', 'title': 'Fort Worth postpones data",https://www.star-telegram.com/news/local/fort-worth/article315732235.html
1172,Source URL,{'url': 'https://www.lufkindailynews.com/news/local/vote-them-out-protesters-clash-with-lufkin-leaders-over-ai-data-cent,https://www.lufkindailynews.com/news/local/vote-them-out-protesters-clash-with-lufkin-leaders-over-ai-data-centers/artic
1173,Source URL,"{'url': 'https://www.texomashomepage.com/news/crowell-quanah-residents-voice-data-center-project-fears/', 'title': 'Crow",https://www.texomashomepage.com/news/crowell-quanah-residents-voice-data-center-project-fears/
1174,Source URL,{'url': 'https://www.idahostatejournal.com/news/local/pocatello-hearing-examiner-denies-hoku-site-data-center-permit-but,https://www.idahostatejournal.com/news/local/pocatello-hearing-examiner-denies-hoku-site-data-center-permit-but-lex-deve
1175,Source URL,{'url': 'https://www.themesatribune.com/news/big-data-center-in-se-mesa-passes-first-review/article_91081b9b-d2d1-47f6-9,https://www.themesatribune.com/news/big-data-center-in-se-mesa-passes-first-review/article_91081b9b-d2d1-47f6-91d2-b6001
1176,Source URL,{'url': 'https://nondoc.com/2026/05/14/pittsburg-county-committee-endorses-deal-tied-to-2000-acre-50-billion-data-center,https://nondoc.com/2026/05/14/pittsburg-county-committee-endorses-deal-tied-to-2000-acre-50-billion-data-center-site/
1177,Source URL,"{'url': 'https://www.wabe.org/camden-becomes-first-county-on-the-coast-to-adopt-data-center-moratorium/', 'title': 'Camd",https://www.wabe.org/camden-becomes-first-county-on-the-coast-to-adopt-data-center-moratorium/
1178,Source URL,"{'url': 'https://theaugustapress.com/augusta-moves-toward-data-center-moratorium/', 'title': 'Augusta moves toward data ",https://theaugustapress.com/augusta-moves-toward-data-center-moratorium/
1179,Source URL,"{'url': 'https://www.wect.com/2026/05/14/data-center-moratorium-proposed-boiling-spring-lakes/', 'title': 'Data center m",https://www.wect.com/2026/05/14/data-center-moratorium-proposed-boiling-spring-lakes/
1180,Source URL,{'url': 'https://abc3340.com/news/local/hoover-city-council-oks-ordinance-to-review-future-data-center-projects-may-2026,https://abc3340.com/news/local/hoover-city-council-oks-ordinance-to-review-future-data-center-projects-may-2026
1181,Source URL,{'url': 'https://www.wbrc.com/2026/05/21/irondale-leaders-say-city-is-not-pursuing-data-centers-after-community-discussi,https://www.wbrc.com/2026/05/21/irondale-leaders-say-city-is-not-pursuing-data-centers-after-community-discussion/
1182,Source URL,"{'url': 'https://www.mainstreetdailynews.com/govt-politics/residents-raise-ai-data-center-concerns-in-alachua', 'title':",https://www.mainstreetdailynews.com/govt-politics/residents-raise-ai-data-center-concerns-in-alachua
1183,Source URL,{'url': 'https://thebradentontimes.com/stories/developers-push-massive-data-center-complex-in-desoto-county-amid-backlas,"https://thebradentontimes.com/stories/developers-push-massive-data-center-complex-in-desoto-county-amid-backlash,198154"
1184,Source URL,{'url': 'https://richmondbizsense.com/2026/05/18/data-center-giant-qts-preparing-1100-acre-expansion-that-would-add-17-b,https://richmondbizsense.com/2026/05/18/data-center-giant-qts-preparing-1100-acre-expansion-that-would-add-17-buildings-
1185,Source URL,{'url': 'https://www.owensborotimes.com/news/2026/05/daviess-county-fiscal-court-to-consider-1-year-moratorium-on-data-c,https://www.owensborotimes.com/news/2026/05/daviess-county-fiscal-court-to-consider-1-year-moratorium-on-data-center-app
1186,Source URL,"{'url': 'https://mississippitoday.org/2026/04/22/ridgeland-data-center-entergy-mississippi-power/', 'title': 'Ridgeland ",https://mississippitoday.org/2026/04/22/ridgeland-data-center-entergy-mississippi-power/
1187,Source URL,{'url': 'https://www.nhregister.com/connecticut/article/morris-connecticut-data-center-moratorium-farmland-22270014.php',https://www.nhregister.com/connecticut/article/morris-connecticut-data-center-moratorium-farmland-22270014.php
1188,Source URL,{'url': 'https://www.tapinto.net/towns/roselle-park/articles/roselle-park-moves-to-ban-data-centers-seeks-answers-on-ken,https://www.tapinto.net/towns/roselle-park/articles/roselle-park-moves-to-ban-data-centers-seeks-answers-on-kenilworth-p
1189,Source URL,"{'url': 'https://www.tapinto.net/towns/union/sections/government/articles/union-advances-ban-on-ai-data-centers', 'title",https://www.tapinto.net/towns/union/sections/government/articles/union-advances-ban-on-ai-data-centers
1190,Source URL,{'url': 'https://newsitem.com/news/local/mount-carmel-township-enacts-180-day-moratorium-on-data-center-proposals-to-upg,https://newsitem.com/news/local/mount-carmel-township-enacts-180-day-moratorium-on-data-center-proposals-to-upgrade-zoni
1191,Source URL,{'url': 'https://www.pressherald.com/2026/05/19/sanford-imposes-emergency-data-center-moratorium-halting-mousam-river-pr,https://www.pressherald.com/2026/05/19/sanford-imposes-emergency-data-center-moratorium-halting-mousam-river-project/
1192,Source URL,{'url': 'https://www.informnny.com/news/local-news/lysander-board-approves-six-month-data-center-moratorium-residents-sp,https://www.informnny.com/news/local-news/lysander-board-approves-six-month-data-center-moratorium-residents-speak-out-a
1193,Source URL,{'url': 'https://www.fox43.com/article/news/local/franklin-county/franklin-county-approves-data-center-ordinance-after-m,https://www.fox43.com/article/news/local/franklin-county/franklin-county-approves-data-center-ordinance-after-months-of-
1194,Source URL,"{'url': 'https://lebtown.com/2026/05/13/south-annville-twp-data-center-project-scrapped-after-grass-roots-opposition/', ",https://lebtown.com/2026/05/13/south-annville-twp-data-center-project-scrapped-after-grass-roots-opposition/
1195,Source URL,"{'url': 'https://northpennnow.com/news/2026/may/06/towamencin-board-adopts-data-center-regulations/', 'title': 'Towamenc",https://northpennnow.com/news/2026/may/06/towamencin-board-adopts-data-center-regulations/
1196,Source URL,"{'url': 'https://www.timesleader.com/news/1740939/exeter-borough-council-approves-data-center-zoning-amendment', 'title'",https://www.timesleader.com/news/1740939/exeter-borough-council-approves-data-center-zoning-amendment
1197,Source URL,{'url': 'https://www.timesleader.com/news/1741051/dorrance-twp-zoning-hearing-board-finds-ordinance-did-not-exclude-data,https://www.timesleader.com/news/1741051/dorrance-twp-zoning-hearing-board-finds-ordinance-did-not-exclude-data-centers
1198,Source URL,{'url': 'https://www.pennlive.com/news/2026/05/huge-data-center-gets-approvals-in-middlesex-township-a-likely-legal-chal,https://www.pennlive.com/news/2026/05/huge-data-center-gets-approvals-in-middlesex-township-a-likely-legal-challenge-too
1199,Source URL,{'url': 'https://www.observer-reporter.com/news/local-news/2026/may/15/amwell-supervisors-table-vote-on-data-center-ordi,https://www.observer-reporter.com/news/local-news/2026/may/15/amwell-supervisors-table-vote-on-data-center-ordinance/
1200,Source URL,"{'url': 'https://lebtown.com/2026/05/14/south-londonderry-authorizes-revised-data-center-ordinance-for-advertisement/', ",https://lebtown.com/2026/05/14/south-londonderry-authorizes-revised-data-center-ordinance-for-advertisement/
1201,Source URL,{'url': 'https://lehighdaily.com/parkland-school-district-discusses-concerns-for-proposed-atlas-data-center-near-high-sc,https://lehighdaily.com/parkland-school-district-discusses-concerns-for-proposed-atlas-data-center-near-high-school/
1202,Source URL,"{'url': 'https://www.aol.com/news/smithfield-town-council-approves-ordinance-212348148.html', 'title': 'Smithfield Town ",https://www.aol.com/news/smithfield-town-council-approves-ordinance-212348148.html
1203,Source URL,"{'url': 'https://www.kuow.org/stories/seattle-could-ban-big-new-data-centers-for-one-year', 'title': 'Seattle could ban ",https://www.kuow.org/stories/seattle-could-ban-big-new-data-centers-for-one-year
1204,Source URL,{'url': 'https://insideclimatenews.org/news/11052026/epa-proposes-looser-construction-rules-for-gas-plants-data-centers/,https://insideclimatenews.org/news/11052026/epa-proposes-looser-construction-rules-for-gas-plants-data-centers/
1205,Source URL,"{'url': 'https://www.wctv.tv/2026/05/26/jackson-county-commissioners-vote-moratorium-ai-data-centers/', 'title': 'Jackso",https://www.wctv.tv/2026/05/26/jackson-county-commissioners-vote-moratorium-ai-data-centers/
1206,Source URL,"{'url': 'https://www.wjhg.com/2026/05/28/walton-county-commission-votes-write-up-ban-ai-data-centers/', 'title': 'Walton",https://www.wjhg.com/2026/05/28/walton-county-commission-votes-write-up-ban-ai-data-centers/
1207,Source URL,{'url': 'https://www.wfae.org/energy-environment/2026-05-27/charlotte-residents-demand-moratorium-on-data-centers-during,https://www.wfae.org/energy-environment/2026-05-27/charlotte-residents-demand-moratorium-on-data-centers-during-public-h
1208,Source URL,{'url': 'https://www.walb.com/2026/05/27/this-protection-not-invitation-lee-co-commissioners-consider-extending-moratori,https://www.walb.com/2026/05/27/this-protection-not-invitation-lee-co-commissioners-consider-extending-moratorium-data-c
1209,Source URL,{'url': 'https://birminghamwatch.org/2026/05/28/new-legal-filing-suggests-birmingham-helped-developers-evade-data-center,https://birminghamwatch.org/2026/05/28/new-legal-filing-suggests-birmingham-helped-developers-evade-data-center-moratori
1210,Source URL,{'url': 'https://arkansasadvocate.com/2026/05/28/data-center-moratorium-in-arkansas-most-populous-county-didnt-pass-revi,https://arkansasadvocate.com/2026/05/28/data-center-moratorium-in-arkansas-most-populous-county-didnt-pass-review-finds/
1211,Source URL,"{'url': 'https://ohiocapitaljournal.com/2026/05/29/ohio-lawmakers-begin-hearings-on-data-centers/', 'title': 'Ohio lawma",https://ohiocapitaljournal.com/2026/05/29/ohio-lawmakers-begin-hearings-on-data-centers/
1212,Source URL,{'url': 'https://www.axios.com/local/indianapolis/2026/05/15/the-city-county-council-passed-a-data-center-moratorium-her,https://www.axios.com/local/indianapolis/2026/05/15/the-city-county-council-passed-a-data-center-moratorium-heres-whats-
1213,Source URL,{'url': 'https://news.azpm.org/p/environmentnews/2026/5/28/229919-arizona-water-officials-approve-wells-tied-to-project-,https://news.azpm.org/p/environmentnews/2026/5/28/229919-arizona-water-officials-approve-wells-tied-to-project-blue-data
1214,Source URL,{'url': 'https://www.kwtx.com/2026/05/28/illegal-under-texas-law-data-center-developer-files-lawsuit-against-hill-county,https://www.kwtx.com/2026/05/28/illegal-under-texas-law-data-center-developer-files-lawsuit-against-hill-county-moratori
1215,Source URL,"{'url': 'https://nevadacurrent.com/2026/05/27/nye-county-water-board-pushes-data-center-moratorium/', 'title': 'Nye Coun",https://nevadacurrent.com/2026/05/27/nye-county-water-board-pushes-data-center-moratorium/
1216,Source URL,{'url': 'https://jerseyvindicator.org/2026/05/28/sherrill-unveils-statewide-plan-to-regulate-data-centers-in-new-jersey/,https://jerseyvindicator.org/2026/05/28/sherrill-unveils-statewide-plan-to-regulate-data-centers-in-new-jersey/
1217,Source URL,{'url': 'https://pix11.com/news/local-news/long-island/long-island-town-approves-moratorium-on-data-center-after-public-,https://pix11.com/news/local-news/long-island/long-island-town-approves-moratorium-on-data-center-after-public-pushback/
1218,Source URL,{'url': 'https://www.wgrz.com/article/news/local/niagara-falls-city-council-approves-settlement-with-nfr-new-data-center,https://www.wgrz.com/article/news/local/niagara-falls-city-council-approves-settlement-with-nfr-new-data-center-to-move-
1219,Source URL,{'url': 'https://news.bloomberglaw.com/tech-and-telecom-law/new-york-lawmakers-send-hochul-one-year-ban-on-new-data-cent,https://news.bloomberglaw.com/tech-and-telecom-law/new-york-lawmakers-send-hochul-one-year-ban-on-new-data-centers
1220,Source URL,{'url': 'https://patch.com/new-jersey/cranford/cranford-moves-block-ai-data-centers-after-nearby-kenilworth-project-spar,https://patch.com/new-jersey/cranford/cranford-moves-block-ai-data-centers-after-nearby-kenilworth-project-sparks
1221,Source URL,"{'url': 'https://patch.com/new-jersey/summit/data-center-debate-heats-summit', 'title': 'Data center debate heats up in ",https://patch.com/new-jersey/summit/data-center-debate-heats-summit
1222,Source URL,{'url': 'https://www.wfmz.com/news/area/lehighvalley/lehigh-county/allentown-area/allentown-city-council-tables-proposed,https://www.wfmz.com/news/area/lehighvalley/lehigh-county/allentown-area/allentown-city-council-tables-proposed-bill-to-
1223,Source URL,"{'url': 'https://beavercountyradio.com/news/big-turnout-and-big-voices-at-big-beaver-data-center-meeting/', 'title': 'Bi",https://beavercountyradio.com/news/big-turnout-and-big-voices-at-big-beaver-data-center-meeting/
1224,Source URL,"{'url': 'https://www.pressherald.com/2026/06/03/scarborough-town-council-imposes-data-center-moratorium/', 'title': 'Sca",https://www.pressherald.com/2026/06/03/scarborough-town-council-imposes-data-center-moratorium/
1225,Source URL,"{'url': 'https://www.pressherald.com/2026/06/01/westbrook-city-council-approves-180-day-data-center-moratorium/', 'title",https://www.pressherald.com/2026/06/01/westbrook-city-council-approves-180-day-data-center-moratorium/
1226,Source URL,{'url': 'https://fortworthreport.org/2026/06/03/fort-worth-could-ban-cryptocurrency-mining-data-centers-might-be-here-to,https://fortworthreport.org/2026/06/03/fort-worth-could-ban-cryptocurrency-mining-data-centers-might-be-here-to-stay/
1227,Source URL,{'url': 'https://www.kjzz.org/fronteras-desk/2026-05-28/largest-proposed-data-center-in-arizona-to-be-scaled-back-80-aft,https://www.kjzz.org/fronteras-desk/2026-05-28/largest-proposed-data-center-in-arizona-to-be-scaled-back-80-after-opposi
1228,Source URL,{'url': 'https://www.kwtx.com/2026/06/02/we-dont-want-this-bell-county-residents-show-up-by-masses-protest-data-center-a,https://www.kwtx.com/2026/06/02/we-dont-want-this-bell-county-residents-show-up-by-masses-protest-data-center-asks-commi
1229,Source URL,{'url': 'https://governor.ohio.gov/wps/portal/gov/governor/media/news-and-media/governor-dewine-announces-pause-of-data-,https://governor.ohio.gov/wps/portal/gov/governor/media/news-and-media/governor-dewine-announces-pause-of-data-center-ta
1230,Source URL,{'url': 'https://www.wisbusiness.com/2026/dane-county-board-approves-18-month-pause-on-hyperscale-data-center-developmen,https://www.wisbusiness.com/2026/dane-county-board-approves-18-month-pause-on-hyperscale-data-center-development/
1231,Source URL,"{'url': 'https://dailyreporter.com/2026/06/03/brown-county-declines-data-center-moratorium-zoning/', 'title': 'Brown Cou",https://dailyreporter.com/2026/06/03/brown-county-declines-data-center-moratorium-zoning/
1232,Source URL,"{'url': 'https://spectrumnews1.com/wi/milwaukee/news/2026/06/03/wisconsin-data-center-shawano-county-moritorium', 'title",https://spectrumnews1.com/wi/milwaukee/news/2026/06/03/wisconsin-data-center-shawano-county-moritorium
1233,Source URL,{'url': 'https://www.kctv5.com/2026/06/09/legislature-advances-ordinance-extending-jackson-county-data-center-moratorium,https://www.kctv5.com/2026/06/09/legislature-advances-ordinance-extending-jackson-county-data-center-moratorium-180-days
1234,Source URL,{'url': 'https://www.wtkr.com/news/in-the-community/virginia-beach/virginia-beach-city-council-unanimously-rejects-futur,https://www.wtkr.com/news/in-the-community/virginia-beach/virginia-beach-city-council-unanimously-rejects-future-data-ce
1235,Source URL,"{'url': 'https://www.wrdw.com/2026/06/05/newberry-county-passes-1-year-data-center-moratorium/', 'title': 'Newberry Coun",https://www.wrdw.com/2026/06/05/newberry-county-passes-1-year-data-center-moratorium/
1236,Source URL,"{'url': 'https://www.hernandosun.com/2026/06/05/hernando-county-commissioners-approve-one-year-data-center-moratorium/',",https://www.hernandosun.com/2026/06/05/hernando-county-commissioners-approve-one-year-data-center-moratorium/
1237,Source URL,"{'url': 'https://www.wjhg.com/2026/06/03/holmes-county-moves-forward-with-moratorium-ai-data-centers/', 'title': 'Holmes",https://www.wjhg.com/2026/06/03/holmes-county-moves-forward-with-moratorium-ai-data-centers/
1238,Source URL,"{'url': 'https://www.deseret.com/utah/2026/05/29/utah-executive-order-data-center-gov-cox/', 'title': 'Utah executive or",https://www.deseret.com/utah/2026/05/29/utah-executive-order-data-center-gov-cox/
1239,Source URL,"{'url': 'https://kutv.com/news/local/utah-lawmakers-vote-to-study-impacts-of-box-elder-county-data-center', 'title': 'Ut",https://kutv.com/news/local/utah-lawmakers-vote-to-study-impacts-of-box-elder-county-data-center
1240,Source URL,{'url': 'https://www.cachevalleydaily.com/news/stratos-project-opponents-file-promised-referendum-appeal-with-utah-first,https://www.cachevalleydaily.com/news/stratos-project-opponents-file-promised-referendum-appeal-with-utah-first-district
1241,Source URL,"{'url': 'https://www.upr.org/utah-news/2026-05-28/box-elder-data-center-water-rights-referendum-iron-county', 'title': '",https://www.upr.org/utah-news/2026-05-28/box-elder-data-center-water-rights-referendum-iron-county
1242,Source URL,"{'url': 'https://www.sltrib.com/news/2026/05/26/iron-county-bans-approval-new-data/', 'title': 'Iron County bans approva",https://www.sltrib.com/news/2026/05/26/iron-county-bans-approval-new-data/
1243,Source URL,{'url': 'https://foxbaltimore.com/news/local/howard-county-council-temporary-pause-data-center-development-energy-water-,https://foxbaltimore.com/news/local/howard-county-council-temporary-pause-data-center-development-energy-water-zoning
1244,Source URL,"{'url': 'https://theucnow.com/2026/06/03/mcminnville-board-unanimously-approves-center-moratorium/', 'title': 'McMinnvil",https://theucnow.com/2026/06/03/mcminnville-board-unanimously-approves-center-moratorium/
1245,Source URL,{'url': 'https://chapelboro.com/news-on-the-hill-with-andrew-stuckey/conversations-with-the-mayors/hillsborough-budget-u,https://chapelboro.com/news-on-the-hill-with-andrew-stuckey/conversations-with-the-mayors/hillsborough-budget-updates-da
1246,Source URL,"{'url': 'https://arkansasadvocate.com/2026/06/03/arkansas-largest-city-approves-new-data-center-ordinance/', 'title': ""A",https://arkansasadvocate.com/2026/06/03/arkansas-largest-city-approves-new-data-center-ordinance/
1247,Source URL,"{'url': 'https://www.sltrib.com/news/2026/06/04/lawsuit-mida-box-elder-leaders/', 'title': 'Lawsuit targets MIDA, Box El",https://www.sltrib.com/news/2026/06/04/lawsuit-mida-box-elder-leaders/
1248,Source URL,{'url': 'https://www.wyomingpublicmedia.org/natural-resources-energy/2026-06-03/executive-order-paves-way-for-wyoming-da,https://www.wyomingpublicmedia.org/natural-resources-energy/2026-06-03/executive-order-paves-way-for-wyoming-data-center
1249,Source URL,"{'url': 'https://www.kunr.org/local-stories/2026-06-05/reno-city-council-extends-data-center-moratorium-into-2027', 'tit",https://www.kunr.org/local-stories/2026-06-05/reno-city-council-extends-data-center-moratorium-into-2027
1250,Source URL,"{'url': 'https://cwcolumbus.com/news/local/grove-city-data-center-moratorium-passes', 'title': 'Grove City data center m",https://cwcolumbus.com/news/local/grove-city-data-center-moratorium-passes
1251,Source URL,"{'url': 'https://www.wsaz.com/2026/06/02/neighbors-ask-questions-address-concerns-data-center-town-hall/', 'title': 'Nei",https://www.wsaz.com/2026/06/02/neighbors-ask-questions-address-concerns-data-center-town-hall/
1252,Source URL,{'url': 'https://www.thedesertreview.com/business/brawley-council-approves-moratorium-on-data-center/article_702beb39-c9,https://www.thedesertreview.com/business/brawley-council-approves-moratorium-on-data-center/article_702beb39-c98b-4e10-8
1253,Source URL,"{'url': 'https://kyma.com/news/top-stories/2026/05/21/imperial-moves-toward-moratorium-on-hyperscale-data-centers/', 'ti",https://kyma.com/news/top-stories/2026/05/21/imperial-moves-toward-moratorium-on-hyperscale-data-centers/
1254,Source URL,{'url': 'https://www.ivpressonline.com/news/calexico-city-council-to-consider-public-safety-budgeting-mandate-and-data-c,https://www.ivpressonline.com/news/calexico-city-council-to-consider-public-safety-budgeting-mandate-and-data-center-mor
1255,Source URL,"{'url': 'https://inewsource.org/2026/06/04/imperial-county-data-center-moratorium-vote-supervisors-ceqa/', 'title': 'Imp",https://inewsource.org/2026/06/04/imperial-county-data-center-moratorium-vote-supervisors-ceqa/
1256,Source URL,{'url': 'https://www.kpbs.org/news/environment/2026/05/27/sierra-club-sues-imperial-county-over-approval-of-massive-data,https://www.kpbs.org/news/environment/2026/05/27/sierra-club-sues-imperial-county-over-approval-of-massive-data-center-c
1257,Source URL,{'url': 'https://www.kpbs.org/news/politics/2026/06/05/imperial-county-voters-reject-data-center-backed-candidate-for-wa,https://www.kpbs.org/news/politics/2026/06/05/imperial-county-voters-reject-data-center-backed-candidate-for-water-and-p
1258,Source URL,"{'url': 'https://calexicochronicle.com/2026/01/30/ctr-launches-american-data-power-in-lithium-valley/', 'title': 'CTR la",https://calexicochronicle.com/2026/01/30/ctr-launches-american-data-power-in-lithium-valley/
1407,Source URL,"{'url': 'https://www.pressherald.com/2026/06/01/brunswick-passes-data-center-moratorium/', 'title': 'Brunswick passes da",https://www.pressherald.com/2026/06/01/brunswick-passes-data-center-moratorium/
1408,Source URL,"{'url': 'https://www.audacy.com/wilknews/news/local/moosic-borough-moves-closer-to-passing-strict-data-center-laws', 'ti",https://www.audacy.com/wilknews/news/local/moosic-borough-moves-closer-to-passing-strict-data-center-laws
1409,Source URL,"{'url': 'https://www.warrennj.org/m/newsflash/home/detail/606', 'title': 'Warren Township advances ordinance prohibiting",https://www.warrennj.org/m/newsflash/home/detail/606
1410,Source URL,"{'url': 'https://www.wkyt.com/2026/06/08/dartpoints-data-center-coming-lexington-wont-get-city-incentives/', 'title': ""D",https://www.wkyt.com/2026/06/08/dartpoints-data-center-coming-lexington-wont-get-city-incentives/
1411,Source URL,"{'url': 'https://www.nwaonline.com/news/2026/jun/09/fayetteville-city-council-working-to-beef-up/', 'title': 'Fayettevil",https://www.nwaonline.com/news/2026/jun/09/fayetteville-city-council-working-to-beef-up/
1412,Source URL,{'url': 'https://www.firstcoastnews.com/article/news/community/clay-county-commissioners-consider-one-year-pause-on-data,https://www.firstcoastnews.com/article/news/community/clay-county-commissioners-consider-one-year-pause-on-data-centers/
1413,Source URL,"{'url': 'https://johnsoncountypost.com/2026/06/02/gardner-edgerton-data-center-moratoriums-287614/', 'title': 'Gardner d",https://johnsoncountypost.com/2026/06/02/gardner-edgerton-data-center-moratoriums-287614/
1414,Source URL,"{'url': 'https://okenergytoday.com/2026/06/edmond-approves-data-center-moratorium/', 'title': 'Edmond approves data cent",https://okenergytoday.com/2026/06/edmond-approves-data-center-moratorium/
1415,Source URL,{'url': 'https://my.spokanecity.org/news/releases/2026/06/10/council-members-introduce-an-ordinance-imposing-data-center,https://my.spokanecity.org/news/releases/2026/06/10/council-members-introduce-an-ordinance-imposing-data-center-moratori
1416,Source URL,{'url': 'https://www.ksl.com/article/news/business/box-elder-county-commissioners-approve-data-center-moratorium-stratos,https://www.ksl.com/article/news/business/box-elder-county-commissioners-approve-data-center-moratorium-stratos-project-
1417,Source URL,{'url': 'https://wtop.com/maryland/2026/06/montgomery-county-rolls-out-a-6-month-moratorium-on-permits-for-data-centers/,https://wtop.com/maryland/2026/06/montgomery-county-rolls-out-a-6-month-moratorium-on-permits-for-data-centers/
1418,Source URL,{'url': 'https://www.roi-nj.com/2026/06/15/industry/energy-utilities/red-bank-council-votes-to-ban-data-centers-calls-on,https://www.roi-nj.com/2026/06/15/industry/energy-utilities/red-bank-council-votes-to-ban-data-centers-calls-on-state-to
1419,Source URL,{'url': 'https://newjersey.news12.com/2026/06/12/old-bridge-considers-preventative-ai-data-center-ban-following-heated-p,https://newjersey.news12.com/2026/06/12/old-bridge-considers-preventative-ai-data-center-ban-following-heated-public-mee
1420,Source URL,"{'url': 'https://www.wvlt.tv/2026/06/16/anderson-county-commission-proposes-2-year-moratorium-local-data-centers/', 'tit",https://www.wvlt.tv/2026/06/16/anderson-county-commission-proposes-2-year-moratorium-local-data-centers/
1421,Source URL,{'url': 'https://www.postandcourier.com/spartanburg/news/spartanburg-county-council-data-center-moratorium-northmark/art,https://www.postandcourier.com/spartanburg/news/spartanburg-county-council-data-center-moratorium-northmark/article_ac40
1422,Source URL,{'url': 'https://www.wspa.com/news/local-news/greenwood-co-considers-data-center-regulations-residents-question-motives/,https://www.wspa.com/news/local-news/greenwood-co-considers-data-center-regulations-residents-question-motives/
1423,Source URL,"{'url': 'https://johnsoncountypost.com/2026/06/11/edgerton-denies-data-center-288433/', 'title': 'Edgerton Planning Comm",https://johnsoncountypost.com/2026/06/11/edgerton-denies-data-center-288433/
1424,Source URL,{'url': 'https://www.kmaland.com/news/council-bluffs-council-denies-proposed-moratorium-on-new-data-centers/article_5761,https://www.kmaland.com/news/council-bluffs-council-denies-proposed-moratorium-on-new-data-centers/article_57610dda-a991
1425,Source URL,"{'url': 'https://www.kynt1450.com/2026/06/16/285378/', 'title': 'Yankton County considers data center moratorium (KYNT)'",https://www.kynt1450.com/2026/06/16/285378/
1426,Source URL,{'url': 'https://www.wcpo.com/news/local-news/butler-county/liberty-township/liberty-township-zoning-commission-advances,https://www.wcpo.com/news/local-news/butler-county/liberty-township/liberty-township-zoning-commission-advances-data-cen
1427,Source URL,"{'url': 'https://news.bloomberglaw.com/ip-law/arizona-data-center-tax-incentive-pause-signed-by-governor-hobbs', 'title'",https://news.bloomberglaw.com/ip-law/arizona-data-center-tax-incentive-pause-signed-by-governor-hobbs
1428,Source URL,{'url': 'https://www.keranews.org/energy-environment/2026-06-17/rural-north-texas-counties-data-center-moratorium-regula,https://www.keranews.org/energy-environment/2026-06-17/rural-north-texas-counties-data-center-moratorium-regulation-laws
1429,Source URL,{'url': 'https://www.santafenewmexican.com/news/local_news/santa-fe-county-eyes-yearlong-data-center-moratorium/article_,https://www.santafenewmexican.com/news/local_news/santa-fe-county-eyes-yearlong-data-center-moratorium/article_12c46f96-
1430,Source URL,"{'url': 'https://www.nbcnews.com/tech/tech-news/gop-bill-put-data-center-grid-access-federal-oversight-rcna350263', 'tit",https://www.nbcnews.com/tech/tech-news/gop-bill-put-data-center-grid-access-federal-oversight-rcna350263
1431,Source URL,"{'url': 'https://www.abc4.com/news/local-news/tooele-county-data-center-council-resolution-adopted/', 'title': 'Tooele C",https://www.abc4.com/news/local-news/tooele-county-data-center-council-resolution-adopted/
1488,Source URL,"{'url': 'https://gazettenet.com/2026/06/17/holyoke-first-in-state-to-ban-development-of-ai-data-centers/', 'title': 'Hol",https://gazettenet.com/2026/06/17/holyoke-first-in-state-to-ban-development-of-ai-data-centers/
1489,Source URL,{'url': 'https://magic983.com/2026/06/22/sayreville-council-approves-18-month-data-center-moratorium-rejects-permanent-b,https://magic983.com/2026/06/22/sayreville-council-approves-18-month-data-center-moratorium-rejects-permanent-ban/
1490,Source URL,"{'url': 'https://patch.com/new-jersey/baskingridge/data-center-ban-ordinance-backed-bernards-township-planning-board', '",https://patch.com/new-jersey/baskingridge/data-center-ban-ordinance-backed-bernards-township-planning-board
1491,Source URL,"{'url': 'https://patch.com/new-jersey/asbury-park/asbury-park-passes-data-center-ban-within-city-limits', 'title': 'Asbu",https://patch.com/new-jersey/asbury-park/asbury-park-passes-data-center-ban-within-city-limits
1492,Source URL,{'url': 'https://www.southcarolinapublicradio.org/sc-news/2026-06-18/chester-county-council-considers-temporary-pause-on,https://www.southcarolinapublicradio.org/sc-news/2026-06-18/chester-county-council-considers-temporary-pause-on-data-cen
1493,Source URL,{'url': 'https://www.newschannel5.com/news/state/tennessee/warren-county/this-tenn-city-just-passed-a-pause-on-data-cent,https://www.newschannel5.com/news/state/tennessee/warren-county/this-tenn-city-just-passed-a-pause-on-data-centers-town-
1494,Source URL,"{'url': 'https://www.wvxu.org/environment/2026-06-17/butler-county-approves-data-center-moratorium', 'title': 'Butler Co",https://www.wvxu.org/environment/2026-06-17/butler-county-approves-data-center-moratorium
1495,Source URL,{'url': 'https://www.wxow.com/news/la-crosse-county-board-approves-data-center-moratorium/article_89162c21-3240-4d86-9e2,https://www.wxow.com/news/la-crosse-county-board-approves-data-center-moratorium/article_89162c21-3240-4d86-9e2d-8a6c348
1496,Source URL,{'url': 'https://www.springfieldnewssun.com/local/springfield-considering-6-month-moratorium-on-new-data-centers/article,https://www.springfieldnewssun.com/local/springfield-considering-6-month-moratorium-on-new-data-centers/article_b76c9ce1
1497,Source URL,"{'url': 'https://fox11online.com/news/local/winnebago-county-to-pursue-12-month-data-center-moratorium', 'title': 'Winne",https://fox11online.com/news/local/winnebago-county-to-pursue-12-month-data-center-moratorium
1498,Source URL,{'url': 'https://www.newson6.com/data-centers-in-oklahoma/broken-arrow-city-council-approves-6-month-moratorium-on-data-,https://www.newson6.com/data-centers-in-oklahoma/broken-arrow-city-council-approves-6-month-moratorium-on-data-centers
1499,Source URL,{'url': 'https://www.reviewjournal.com/local/henderson/henderson-city-council-introduces-moratorium-on-new-data-centers-,https://www.reviewjournal.com/local/henderson/henderson-city-council-introduces-moratorium-on-new-data-centers-3839299/
1500,Source URL,{'url': 'https://montanafreepress.org/2026/06/18/how-some-montanans-are-taking-data-center-regulation-into-their-own-han,https://montanafreepress.org/2026/06/18/how-some-montanans-are-taking-data-center-regulation-into-their-own-hands/
1501,Source URL,"{'url': 'https://www.skagitcounty.net/Departments/Home/press/060126.htm', 'title': 'Skagit County Commissioners Adopt Mo",https://www.skagitcounty.net/Departments/Home/press/060126.htm
1502,Source URL,"{'url': 'https://www.jeffco.us/m/newsflash/home/detail/2596', 'title': 'Jefferson County Issues Temporary Moratorium on ",https://www.jeffco.us/m/newsflash/home/detail/2596
1503,Source URL,"{'url': 'https://www.uphe.org/2026/06/16/help-stop-another-data-center-proposal-tooele/', 'title': 'Help STOP another da",https://www.uphe.org/2026/06/16/help-stop-another-data-center-proposal-tooele/
1504,Source URL,{'url': 'https://www.alaskasnewssource.com/2026/06/09/us-military-plans-lease-alaska-land-ai-data-centers-community-resp,https://www.alaskasnewssource.com/2026/06/09/us-military-plans-lease-alaska-land-ai-data-centers-community-responds/
1505,Source URL,"{'url': 'https://www.eenews.net/articles/committee-sets-vote-on-data-center-grid-bills/', 'title': 'House panel sets vot",https://www.eenews.net/articles/committee-sets-vote-on-data-center-grid-bills/
1506,Source URL,"{'url': 'https://www.change.org/p/stop-the-data-center-from-coming-to-pittsburg-ca', 'title': 'Petition · Stop the data ",https://www.change.org/p/stop-the-data-center-from-coming-to-pittsburg-ca
1507,Source URL,{'url': 'https://weartv.com/news/local/escambia-county-to-consider-banning-data-centers-floridawest-ceo-denies-negotiati,https://weartv.com/news/local/escambia-county-to-consider-banning-data-centers-floridawest-ceo-denies-negotiations
1508,Source URL,{'url': 'https://www.lex18.com/news/covering-kentucky/versailles-city-council-enacts-moratorium-on-data-centers-through-,https://www.lex18.com/news/covering-kentucky/versailles-city-council-enacts-moratorium-on-data-centers-through-2026
1509,Source URL,"{'url': 'https://writing.strisker.com/data-centers-daily-notes-june-18-2026/', 'title': 'Data Centers: Daily Notes | Jun",https://writing.strisker.com/data-centers-daily-notes-june-18-2026/
1510,Source URL,"{'url': 'https://writing.strisker.com/data-centers-daily-notes-june-17-2026/', 'title': 'Data Centers: Daily Notes | Jun",https://writing.strisker.com/data-centers-daily-notes-june-17-2026/
1511,Source URL,{'url': 'https://www.potomaclocal.com/2026/06/16/senate-leader-louise-lucas-blasts-1-9-billion-data-center-tax-breaks-at,https://www.potomaclocal.com/2026/06/16/senate-leader-louise-lucas-blasts-1-9-billion-data-center-tax-breaks-at-manassas
1512,Source URL,{'url': 'https://upnorthlive.com/news/local/data-center-regulation-michigan-bills-legislation-package-senate-democrats-p,https://upnorthlive.com/news/local/data-center-regulation-michigan-bills-legislation-package-senate-democrats-politics-g
1513,Source URL,"{'url': 'https://www.readfrontier.org/stories/how-data-center-developers-won-secrecy-pledges-from-oklahoma-officials/', ",https://www.readfrontier.org/stories/how-data-center-developers-won-secrecy-pledges-from-oklahoma-officials/
1514,Source URL,{'url': 'https://www.route-fifty.com/infrastructure/2026/06/las-vegas-data-center-expansion-approved-officials-ponder-ne,https://www.route-fifty.com/infrastructure/2026/06/las-vegas-data-center-expansion-approved-officials-ponder-need-future
1515,Source URL,{'url': 'https://www.tribtoday.com/news/local-news/2026/06/lordstown-eyes-moratorium-on-businesses-using-battery-storage,https://www.tribtoday.com/news/local-news/2026/06/lordstown-eyes-moratorium-on-businesses-using-battery-storage-systems/
1516,Source URL,"{'url': 'https://www.foodandwaterwatch.org/2026/06/12/stop-data-centers-coalition/', 'title': ""The New Coalition Taking ",https://www.foodandwaterwatch.org/2026/06/12/stop-data-centers-coalition/
1517,Source URL,"{'url': 'https://www.utilitydive.com/news/maryland-ratepayer-advocate-ferc-data-center-complaint-transmission/823244/', ",https://www.utilitydive.com/news/maryland-ratepayer-advocate-ferc-data-center-complaint-transmission/823244/
1583,Source URL,{'url': 'https://ocasio-cortez.house.gov/media/press-releases/ocasio-cortez-introduces-house-version-ai-data-center-mora,https://ocasio-cortez.house.gov/media/press-releases/ocasio-cortez-introduces-house-version-ai-data-center-moratorium-ac
33,County,Ramsey County,
64,County,Marion County,
192,County,Judith Basin County,
208,County,Potter County,
244,County,Anchorage Municipality,
245,County,Washington County,
263,County,Deuel County,
265,County,Washington County,
281,County,Sacramento County,
284,County,Anne Arundel County,
285,County,Doña Ana County,
296,County,Douglas County,
298,County,Fulton County,
354,County,Richland County,
358,County,Delaware County,
361,County,Ada County,
370,County,Buckingham County,
373,County,Thurston County,
376,County,Dane County,
378,County,Kennebec County,
379,County,Denver County,
382,County,Dane County,
391,County,Franklin County,
396,County,Dauphin County,
400,County,Washington County,
420,County,Hughes County,
421,County,Marion County,
435,County,Wexford County,
437,County,Cole County,
439,County,Cole County,
443,County,Richland County,
457,County,Albany County,
459,County,Marion County,
508,County,Dauphin County,
510,County,Mercer County,
518,County,Leon County,
519,County,Maricopa County,
520,County,Davidson County,
521,County,Dane County,
522,County,Dane County,
523,County,Marion County,
524,County,Franklin County,
532,County,Leon County,
535,County,East Baton Rouge Parish,
538,County,Fulton County,
539,County,Fulton County,
540,County,Ada County,
541,County,Ada County,
542,County,Leon County,
543,County,Franklin County,
544,County,Mercer County,
545,County,Union County,
546,County,Anne Arundel County,
547,County,Anne Arundel County,
548,County,Frederick County,
549,County,Dauphin County,
560,County,Silver Bow County,
574,County,Franklin County,
672,County,Washington County,
713,County,Brown County,
843,County,Mercer County,
845,County,Kennebec County,
849,County,New Castle County,
850,County,Mercer County,
880,County,Guilford County,
881,County,Madison County,
903,County,Elbert County,
905,County,Richland County,
920,County,Tioga County,
977,County,DeSoto County,
978,County,Shelby County,
992,County,Washtenaw County,
993,County,Washtenaw County,
994,County,Washtenaw County,
996,County,Washtenaw County,
997,County,Washtenaw County,
1009,County,Ozaukee County,
1012,County,Ozaukee County,
1017,County,Racine County,
1025,County,Racine County,
1027,County,Racine County,
1147,City,New York State (S.9144A/A.10141 statewide moratorium bill amended; Albany rally & lobby day),
1261,County,,Socorro County
1262,State,,Kentucky
1263,State,,Utah
1265,County,,Carlton County
1269,State,,New Mexico
1270,State,,Washington
1271,State,,New York
1272,State,,Utah
1273,State,,Nevada
1275,County,,Hill County
1276,County,,Socorro County
1277,State,,New York
1278,State,,Missouri
1279,State,,Kansas
1282,State,,Nevada
1283,County,,DeKalb County
1284,State,,Arkansas
1286,State,,Oklahoma
1288,State,,New Mexico
1290,County,,Davie County
1295,County,,Lawsuit Challenges Hill County
1303,State,,New York
1304,State,,Maine
1312,County,,Shawano County
1313,State,,Kansas
1314,State,,Maine
1315,State,,New Mexico
1316,County,,Brown County
1319,County,,Holmes County
1322,County,,Jackson County
1323,State,,Washington
1324,State,,Kansas
1327,County,,Manitowoc County
1330,State,,New Mexico
1330,County,,Socorro County
1332,State,,North Carolina
1333,County,,Hill County
1336,State,,Texas
1336,County,,Texas County
1338,County,,Hood County
1342,State,,Maryland
1343,County,,Colleton County
1348,State,,Nevada
1349,State,,Maine
1352,State,,Georgia
1355,State,,New York
1357,County,,Pasco County
1358,State,,Washington
1360,County,,Citrus County
1365,County,,Socorro County
1366,County,,Socorro County
1368,State,,Michigan
1373,State,,New York
1374,State,,North Carolina
1376,County,,Champaign County
1377,State,,Maine
1379,State,,Pennsylvania
1381,State,,Michigan
1382,State,,New York
1384,State,,Arkansas
1384,County,,Pulaski County
1387,State,,Minnesota
1387,County,,Carlton County
1392,State,,New York
1393,County,,Skagit County
1394,State,,Wisconsin
1395,County,,Dubuque County
1397,County,,Coast Joins Flagler County
1402,State,,Nevada
1432,State,,Iowa
1433,State,,Utah
1433,County,,Box Elder County
1435,County,,Pasco County
1437,State,,New York
1438,State,,New Mexico
1441,State,,Tennessee
1443,State,,Massachusetts
1444,County,,Hood County
1446,State,,Oklahoma
1447,State,,Maine
1451,State,,Michigan
1464,State,,Montana
1464,County,,Yellowstone County
1465,State,,New Hampshire
1466,State,,Michigan
1467,State,,Utah
1467,County,,Box Elder County
1471,State,,Washington
1472,County,,Cache County
1473,County,,Pasco County
1474,County,,Brown County
1475,State,,Texas
1483,State,,California
1484,State,,Ohio
1485,State,,Kansas
1487,State,,Nevada
1520,State,,Pennsylvania
1522,State,,Kansas
1523,State,,Oklahoma
1525,State,,Pennsylvania
1527,County,,Walla Walla County
1534,County,,Lake County
1537,County,,Bell County
1538,County,,Pasco County
1540,State,,Florida
1542,State,,Colorado
1542,County,,Colorado County
1543,County,,Nelson County
1545,State,,Florida
1546,State,,Michigan
1547,State,,Kentucky
1548,State,,Texas
1549,State,,Michigan
1556,State,,New York
1557,State,,New Mexico
1558,County,,Socorro County
1564,State,,Pennsylvania
1565,State,,North Carolina
1574,County,,In Rock County
1576,County,,Davie County
1578,State,,Kansas
1580,State,,Indiana
1581,County,,Lake County
1643,State,,Michigan
1644,State,,Montana
1644,County,,Montana County
1647,County,,Bell County
1649,State,,Florida
1650,State,,Tennessee
1652,State,,Connecticut
1655,County,,Nelson County
