Incident,State,recovered_date,method,Source URL
Socorro County commissioners approve one-year mora,,,requires_redirect_resolution,https://news.google.com/rss/articles/CBMiigFBVV95cUxQT2dUTVpRaDJvWmtXdkJXSV9RS1JUZW9BZjhrUmE2MVBGZEVmSlo4ejUyOGU1VEFnVnI1QVJkcmhrY0V4aGtoSXhhOThNNHZoODR3WldkVE9mZFFSb1RyaDdtR2lXVENCN0FHYWdkWkw3d0NQcWcyREJqS1JjQU1pN2tISlI5S1RJdXc?oc=5
Lexington City Council unanimously passes a morato,,,requires_redirect_resolution,https://news.google.com/rss/articles/CBMisgFBVV95cUxPakJsd1d6NWtrR3FIeU5RVFkyWi00YmI0QV9namt2Ri0wREtIUlp5ajJSeURUUXI1T0lCNndmTmhSd0J5M215RzVtUlZuUGtKWUpEc29oTG9aQ2g2S3VweTd5aVVIUnoxNzM4M2QwTzh1UDJ4M0dEemlOZTZGQmRoejdIMXFHX1NiWGVRWmNuZ05WeXlsamRBc19rZWZkMjd3bHF3eXctNFJZT1pXMHo1OWVR?oc=5
Carlton County residents seek moratorium on data c,,,requires_redirect_resolution,https://news.google.com/rss/articles/CBMimwFBVV95cUxOd1BLLUJDblE3VHVnbWhZLVVaVENxUllqZFlzM2tKeUhiUTdMVE4xMHYyNlpqUmNKMTlWQWtnbExSWVJqYkRKVjMtLW9palh3YVJoNWNkZDBMUUZjZFhuQjhMUHprNXk2cDhPeWItY1lQRnlwUkxjLUg5UnFFSG9ra3RuTno0aEVOckl6VTNqOU9SemxUN0dmTkpjcw?oc=5
Reno extends its data center moratorium into 2027:,Nevada,,requires_redirect_resolution,https://news.google.com/rss/articles/CBMisgFBVV95cUxOZnpJWW1mNThhZmpZUUxiSC1ySHdMbmxCb0ppWFNnWHhVUm9vc1NsVlNyMlpRTkVLdTZoS2NxMVpXMXgxaWk2TnBGbUY4cldHNndHcjJFNktxeVdLei1DY1JPODc1Wlo4eGlUT0pZVlRHTWpBdlVTVXRMNzJtWVQzT3pTWHZNSnhkQUpESlp0b3FMUFNqdnpxS3dyVlBQNkhsTFFzTmUxS3hxbzRiR3llNTNn?oc=5
Flint City Council passes 12-month moratorium on d,,,requires_redirect_resolution,https://news.google.com/rss/articles/CBMiugFBVV95cUxQYndVTFQ0Rlo3bVBxd3U0bFN3SGUzQ1F1SklvZ3JYN1pGMG5mLThSLTc1a0VGV3BRTFNobzBuQk5qSlpyRDk2MDVVUVRpZUw2dUY1MC05SlBiQUowX1dwcDczYmxxYUFDcS1GeWVsOGtWUDBESmJmVzIwUEl5NGEwQkhHU09CakJ0MjMwcHBFRUJjc01WaF9WOFp6ak1GM1VTSUxnNmxhSzNkb1hPTUR5dU1yWU9CcTUxb1E?oc=5
"Facing a Federal Lawsuit, Hill County Repeals Blan",,,requires_redirect_resolution,https://news.google.com/rss/articles/CBMiugFBVV95cUxON0x5MGtRZnlVanBLREJ5cnQwTktUQ08tQVFwZy1aaDZKXzZCZ0E3cUpVaW8tMTIybUtIZzg0T3dTS2wyNDcwbVo1Q2pBMWhlcW9hS0E4RVFiOGt5X3NTM3lUMHN0UzBaZDgxUXBDWDlVNEV3Y3ZSU2lIYlNEaVpRcWdpcndGN213cldIaERTdFpUR3V6RmFOQ1ZiOVhXNS1MUFozc3VQYm9DbVRiYkFOdVlRS3NsU1pZNWfSAboBQVVfeXFMTjdMeTBrUWZ5VWpwS0RCeXJ0ME5LVENPLUFRcGctWmg2Sl82QmdBN3FKVWlvLTEyMm1LSGc4NE93U0tsMjQ3MG1aNUNqQTFoZXFvYUtBOEVRYjhreV9zUzN5VDBzdFMwWmQ4MVFwQ1g5VTRFd2N2UlNpSGJTRGlaUXFnaXJ3Rjdtd3JXSGhEU3RaVEd1ekZhTkNWYjlYVzUtTFBaM3N1UGJvQ21UYmJBTnVZUUtzbFNaWTVn?oc=5
Socorro County approves 1-year moratorium on data ,,,requires_redirect_resolution,https://news.google.com/rss/articles/CBMipAFBVV95cUxQakpMOXdpeVNKVHpwcFNjX1ZIUVRYMldzRUdOY0dhM3o5V3k1bk5PZDdnamJXZFVHZUZBMDdVVWpKMnpwdV9kUDJpQm4zRHNMRlJrVFNUeUg3YkZPc2d4ZjRzRWJOcEFGVFAtSzVUZFhmZWNDVTJqelRJb0gwUjRuV2RlR3ZDOHh6dGRMdlVCZ0ltUmN4MnpOTDdMVGVGX1c3T2pqYQ?oc=5
"Here’s who supports, opposes statewide data center",Kansas,,requires_redirect_resolution,https://news.google.com/rss/articles/CBMifkFVX3lxTE1TYXpxVmJEOERnTTFjY0lydFdMcm5mX1B6WlIxd1hBWlgwMGNEamZvMk5oWlpnbVB2MTlFaFhZZzlybUxSZmpXTVg2MDJyOG1FcWVJZG1WbTRxYy1zMlN1UHRzWGRBd19RWFJYZjU2MTBiNjJFaW5KOFROZkNId9IBfkFVX3lxTFBYUFdsN2NMazRQcDNTX3lZay1vS05tTnp5NUNWcEtTRXBMYUpkbFFwdlhpUnJ6UFlPeHdPanU1MFpqQVJLNXA0RS1OUmVLSU1CcU9Ec2RnUWUzeVBCTXktajFqQkg0b0FMRTRVOVRnaUdBSDY2blVGbHFNV2ZXQQ?oc=5
Lawrence City Commission interested in a moratoriu,,,requires_redirect_resolution,https://news.google.com/rss/articles/CBMi0wFBVV95cUxOdnQ0X29zbThaWGozYVVteTl0OFBfeWg3S1lvQmpuNkIzSnF2SzkwZWdYRzVVZm5fRHd3dGFGZlAxcmNZRnhmbGdpZU5lMmlheVVSWThtSzZLUVRuQ2hxaTYwSzJ4LWJ0bzRuaWE0WnZRVjFFdEIwSlBrSm9GN1JYLWwzSmpGM3BEdDV2V2lwOHkyV0FTOTlzMlNjVlgzWmpOMmhMdDU1NktWVEFIaXFIY0VWYjNfR2xlUW80VUZPbGFpbGdJaVdmVWNKQlN5Q2JrWG04?oc=5
"Reno City Council extends data center moratorium, ",Nevada,,requires_redirect_resolution,https://news.google.com/rss/articles/CBMiuwFBVV95cUxQZGR0TDVYaHJfNDl6V2YzQXNsRVFMOXNEQjdSNFJxTUdPOTFITnJiaHVnbjRhSngxV3hwVlU5UGNyNy1sdVNjeThkNWw5VU0tbXFVWnJpaWRuV3FhRFQyTWtuaDdVaU15YzdHRzJHeC1YYjFpaWVueVpQVnRJQkpLVDIyVFYtYWpRQzFEQ2ZNRmpCUTRaU1JxaFpEbW5wUmgycHdVUS1hNmtqR05rM2xocDBIUTl0U0JKMDhV?oc=5
DeKalb County extends data center moratorium anoth,,,requires_redirect_resolution,https://news.google.com/rss/articles/CBMi0gFBVV95cUxPdU91R0MxT3d5MWdEcU5HdUNyQ0JnQlo4d0pLY1gyakR3elNJYUxDZDVLNTJGazNBMjNuVklMeVhBU0hvYnh6QnluazZ1THUwSWNmemo5ZENKZVdrQVNnYUM4YUlrUk16ekd0UTVzMnl2WlVEMDVnWUs1WW1SMkNwUTFlTTVDTUFiVGUtbERFRHI5OWJ2dDZfeGVLdTVJeWlqXzlOemRmUkNaX3pGdDh5S0N6cWpNN3F4UE1TX2ZJV3pYUndFODBhblVudElhclVQNWfSAeYBQVVfeXFMTVREOEpHeWpTcTBhcThNZUtvUXhoVnU2TWg3QUdIbVB4ZDlUcmRLZTg4WFU2RFoxN3AzMlNyZ2MzNzhuYjh6SDVYTm8yOTdJdFNmT0RoSDFmWTJlSEE4d05NVFUyalI5dmpSUHRVczRsNDdVTlotU1JOdkQ5bUhYYjJid0dUbEVJLVJWNzM3ajNFNGdXWWx1OWptTVVYYkVJc0prWDhxcm1fbnphZnU0ZUo2NTdBUUp6RHdGTzBXX0dnR2E4TEJkdW5hTUxPcnNlU2wtTW8ydldfZlkxVmx5RWtWR2dmU0E?oc=5
Residents push data center moratorium at heated Fa,,,requires_redirect_resolution,https://news.google.com/rss/articles/CBMiwAFBVV95cUxPRUM5UG54MmRLazB6SkpRbEZoN0xsNXdvM2htQ04tZ3FnSmFiaXRvNkM2cy1xWlpIc1ZGaU9Uc1d3TWtSd19oUjVFeWJLZnFERzBmR3hsN2cxZ0tFNF9ZQVNnZGxWbmt2QkVNcjBuVEZRQlJ2TWtWSldTWmwxUlRlYTRmWGIxUDdKa1RVU3R2U0RVWUJCeVNyZkx4YjlHdWZkN0Z1RWU2eGRrTkFXVFE1MDNnM213M1BoUmdJelRaRkY?oc=5
Edmond approves data center moratorium - Oklahoma ,Oklahoma,,requires_redirect_resolution,https://news.google.com/rss/articles/CBMifkFVX3lxTE9xMEh6Ti1Eakw0RUxQNFhrWVJoX1dWaXdid21qdGJoVWl0YV9hWmp5ZURodXFQVk1ud0tMQzg0em40V1UzTm1oV1hQMldyRGRZeDBUSV90c2hRTXc1MWRCZ2xEdUM0VzY2MHJMYU1pNHF6VFE0eFhBRmxwenh4QQ?oc=5
Lincoln Township Trustees agree to moratorium on d,,,requires_redirect_resolution,https://news.google.com/rss/articles/CBMimgFBVV95cUxPQ29YVnkxdWp2b1g0NnV3WmRRUEZYMk9yNjNLZDlwMURLcklyVkpXMy1xUE1iTld2TU1yNjNPa2VtNk1LY3NTUmVXMU5GQkJiSXNNZFJGVmVpUlBYeXA0d0xEMUVJdEl3SDE3MHczSHY2MmlqLXN0UllyMzZYaW1UMzRrTkw2Vk5fRktDRVFhbXF6cnRwOVMzc2ZR?oc=5
Davie County residents express demands for data ce,,,requires_redirect_resolution,https://news.google.com/rss/articles/CBMijwFBVV95cUxQa2dyaTFCN3VLa0lRVXlOQWdHbmZoNUVSWEN6NkRBUHBSbDQ5OUxud3haTWNnU3NSZDZtYzlNc3RiNGp2S3h2c1hFMW9fWE52ODBKSFA2cXh6Qi1hclFxLVRzVHptazllaGYwd1k0RFRHRjREUUpYOEgtMV9tSjkySjM4VDU0UHJfSWItOWczUQ?oc=5
Reno City Council extends data center moratorium i,,,requires_redirect_resolution,https://news.google.com/rss/articles/CBMipwFBVV95cUxQY2VRbTRwWEk0TElTOWNEM2dJeGp0NFVaUWxCTGhDTlBWVlF0WnpydkNsdG1JRkNQdGp0YWJmSHZQajdLUmYyZHFTT3ZjanRFXzlESlpwOU1pVFhDSWdpMG91ZllnLUVGNk9fWXQ2UjE1dnVtN2Qxa1JaWU9OeVJVVVhzMllRWTBCTkttRjhYakkwTm1aaFh4NEJ4NE8wSnJMYTdjSExLTQ?oc=5
Machines Fight Back- Federal Lawsuit Challenges Hi,,,requires_redirect_resolution,https://news.google.com/rss/articles/CBMitAFBVV95cUxPRVJpcUFLR0RaZzZZcWRtNVhMdy0tREI2VzRERHFBdHVIdmdSbGI1OUZHMUxjWjRkMTVUOTBoX0laQm9BMEdXdFpRaE1xYzMtVkpoLWJnQkNmc2x6MGZSTjdyWVk3THBJSDdNZ1diSkdUYXdRYnUwdnZLS2cxcjJVYXV4MTBoaE5PWl8wTXdIdEZOSUFKTllBOWZpN1dOelVvUW54OFRXcEd1Rkt0cWhpXzcyX2HSAboBQVVfeXFMTzRON1hZd3FDbk8wMGM1ckc4SEtpLVV6NHZONVJXR1VhNDBrUzJmY0pJdDlsUXZVR0x0TXV1ak1oc2Q5Z21EY1dwX2VvdjR2V1lPVng5Rnh5MUxUNzF2THBQeXdSek5jRGZ4M2Z4X1RKUmg1WHA1c1lobjR3bzRhTjVtMlZmRTlaLWlfNnNyQXE4dHUzQUdMMnpRbS1VOFVYdXlTcEJWQ1ZuVkcydDBic0RuelhLOC1ZUWNB?oc=5
Clinton City Council rejects moratorium as QTS con,,,requires_redirect_resolution,https://news.google.com/rss/articles/CBMiowFBVV95cUxNMFU0RE84ZzVKdlN5VjBtdFllQjZTcWtvYm5pZGxoQ1ZMN3EtcGdUS1JMZkZXRl85WFdNNml3RHRMSm9HTFZ3aTN6VU1YMkp6UTM4YUUwczBiVTdaZWQzR2pRQkdxem5NLV9ROXNNeXZqU0VJaEVfRkZsajcxbzhWX3drUktyV3hiUUZkRHNIWFhnODhMbDd2T3U1bzk4clEybUYw?oc=5
Augusta puts a hold on data centers — except the o,,,requires_redirect_resolution,https://news.google.com/rss/articles/CBMiigFBVV95cUxOajUydkIxcTJuaFNIUG5tOGNLRWF1RHJnQWltRTZhdUlFeHlVUXl4UU1ub1JrbTduazN1eHRjZG5xWDdPS3BEdjRkaGRlWENiZkEyX3hES3VwajJrby1JZks5ME5WZUpvOGp6dGEyOWZ1cFdWbE1JYlp3TUlzT1ZnekR0c1ZsRlpzbXfSAZ4BQVVfeXFMTnRMTUpSbnlHUGZMeWhFQUZyZ0tlZmQyRWRzT3RnU21Ddi16ZjZFR1BuSDVoU2F5Y2tyYnc0cGttVDQ0c2hTZUg5SDBOdHhCQ1l0Wlc1NjNOckhQbHhHOF9abFhJamh6cVJ4ZThYSURGRGROeVBIdXJ4ekR1SE1EbS01emM5X1pJeXg0V2RGRXdZanh2QUZ5d3BOUzg4WWc?oc=5
Nancy Mace pushes for statewide data center morato,,,requires_redirect_resolution,https://news.google.com/rss/articles/CBMiiwFBVV95cUxNaXRjUWlXMjdPWGQ2eTJOWk04N1NtMklRVDlfc0hWUWdDa1pSZXZTc2d3SmppdXZIOEFablYzYTRuaXZNWHVNREFxLURDT0p2ZVJjcWdycmJJMTBzSGM2b1BvcU9XZlNTY2M3RGNuYmYzRzBnZktEcmVxRW83WHh1blk1NVFzWnpoNFh3?oc=5
Coachella council to vote on data center moratoriu,,,requires_redirect_resolution,https://news.google.com/rss/articles/CBMi3AFBVV95cUxOcVNUMnd0WS1zbzgtd3dyRUlRMTI0bm9qdjBBbmwzYkpvbVA0WFhLYThIOUtUcEJHWUhvaDNWcjVWWkdodEJzMW1TQlhZS1ZRTW9wMlRITnlSczZMTDgwQWpiUUZQc1FsX0pXUEVVUGNyR1JvQ2Z5R2w4NndBeUpISG54UV8xNUpNbnUyVHk4Q2h0UkVqYWpIeHRwRkpHN0t0TWsydkhRM2lxTWZkSVRFc2Nqc3hZd2xTZjdKZzZLektOT1N5OFlpMVl5RHNleXJEVXd3TEJ5eFBZeF9r?oc=5
Reno City Council approves data center moratorium ,,,requires_redirect_resolution,https://news.google.com/rss/articles/CBMif0FVX3lxTE96T1c2ZWZQdUFTMDFQcEVjbjNod2dRMksydlJ0MGxzWERIdGN1ajVyc3g0Ui1jUDRRTFl0LWhVcDg0X0UyTWxNSUtmUkcydy1lLU9lWHM1X3ppTmJvMjQwUUhCb3NzXzdHMXBkeUVySzJBUi04cUxyRUtTc29GeGM?oc=5
Coachella City Council Floats Moratorium on Data C,,,requires_redirect_resolution,https://news.google.com/rss/articles/CBMixwFBVV95cUxPUk1qT294N0VfZ2pQbF9rOTY1UFh1Y1haYWFXUUFZRi1IdlJ3RU50dW1HSnQweHVHZzJTRlhOWFY2cHZURkZheHNKTmRCcWdRT3FtbnM5QXd5dFVCblFZanlaNXplSzFob3dCSmlsQjYxSmNNeW9sSmhaR1h3YUhLNlhadmFWT2lMTGNMaEVpZk1hS0dxV0lLOHBaRDdqaEJWQzYtTjZGNkVNNDk4NGZsNWdZMjI2Z3hYWVJpeFJLaWt5RjhSN2o4?oc=5
Shawano County explores limiting data center zonin,,,requires_redirect_resolution,https://news.google.com/rss/articles/CBMipAFBVV95cUxQMG9Ld3BNWUVRdnpzY2N2Vlg1NXNIUl96OVF3WVpLb19DMXhJMHJKYnNfM2hveUJHTXcycFdlbXJjVW9rUDBicElCN2dsZ093ekwzVUZQZG1YSG5xZXJCMUFKN3IyUjRhcmRkTUZsdU5GRm5SY196bzBtbFBnajB2WUs2NTl2MVJEUDF4aVhGbmFxZVY3U19tWnRKQXptaFIwTjNwXw?oc=5
Brown County committee declines to pursue data cen,,,requires_redirect_resolution,https://news.google.com/rss/articles/CBMi2wFBVV95cUxPdUkzejk1dzFYSmE1NTBhYWwwWDl4TjBYV3FQc0ZydUl0X2puaVhkU2NXcmVkX3pPeEZ6Y0FVQzdVbmZ0NFhSbGRrMXNOZEFrMmFrN0JuVm9SVTkydWlpWFN4b0dialgySVR1cWdkMUp1YTJpdTdUQUdpSzc2aFMxa0NsYWJSZDR5LVdmRlJ5TVNWVWJUV09SUTFMODRucmdaR2RmcVl0Wk9PTEF3QlRDX25MSExiNVNrQi1BR1d2elJ3MmhTSkRURjY0YkVmTUNWNEZZVVpUaEVfdVk?oc=5
Reno City Council approves 30 day moratorium on co,,,requires_redirect_resolution,https://news.google.com/rss/articles/CBMiywFBVV95cUxPaTBMWEsyeldnbUJZd1ZlZkx0ZWNjajZlYnFmeTlQV0JVTEhrNlFldVdmenp0WDJaTUpQTmlLdExraGFuR01UeTVpZzZJS2Fxa3BtQkNjdVk3UTB4WFpyZmRtY2xGMkl4cXFUQU80cWdaejUzRElYaGFtOWpNTW5rMlBINHhINExqVlA4VDRCX1ZZT1NkRW9yY3FPYlRQejFBZ21mUmtpU3h2NVVjcmJVM1UwNkZlTENJcEowMndLb1V1cnEtS0FGRHhvTQ?oc=5
"Residents oppose AI data center in Holmes County, ",,,requires_redirect_resolution,https://news.google.com/rss/articles/CBMi1AFBVV95cUxQUURKNnU5NGlQMmxMa2NweVd5SnRrbU9WRFd6T2NsY193X0tWRXFXZkZhdEFNVkJVVHBCLXh6dlVFRzFuRF9IWEl6c0d0NE5jblJ5Q0Nad21lOWY5Q1VVa3RCS2Z3TTk3QWZpUkU0TThnVkhfSnhpVzZ5RTk0LTQyVGprT25OcXVBc2VGQnpGSlVNQ1ZQQXFJMndHVk4yYnlkd3RMcUp3djU1YjdtRWczRDFJSTdFbTBGNExIYUU2cWpSYWE2bVBfUzV3MU5jZXFZdjBMQdIB2gFBVV95cUxPVlVLTWVzZERjXy1xVU1laXdaWDNQVGZwYzVVaUZ1SHRTOWQtZk5MLXhCdXhiQTFPTUVsNHJMY2pieHVCbHp4ZjZzY1hVTW44aDd6QjQ4SzFLU3F2OXBMb2lLLXVXQXlySWFwRFhTWTBJV0t0MExRNTZMVzE4UFhtNnVmRmNXUzdjT21ZeWg5bHY1X2Rna1Y2dFdGMzFyVGlUa0RsSUNHVDlfUFZYVk9PVnl5eGpYQnVFaXp3Q1NVY210RlNnSVVyTVoyODQ3Rkh0LUxPVDlWeGJuZw?oc=5
Jackson County Legislature delays vote on two data,,,requires_redirect_resolution,https://news.google.com/rss/articles/CBMirgFBVV95cUxQYTEyWTQwbHM3UU1ySjJpbGhnRndGaEtySno1bWgyOHMzZkduMlRIeTJ6NHJGbWRtMDlVdGhkT3lfWWRVLW5PWG9yMVRoOFhHbFZscXpUN3lqcmd0QmxRUC1LcTlmVTNtS011bDJPSUNXbjNvWm1hX3VHMVAyaUtNN0xGemU1YkRDQ0xWdFlWN0kwQ040UXNFMGpxSkNoNG54QU9JMWJWdHZwcVVKN2fSAcIBQVVfeXFMTUlBVGdhX05BdndHYVJ5U21saExpYzNZUjVrSEl4TWNkV3RYRGM3U0RKZXBNSGd1aUdHV1NqaU40eDJBb1BoMmh2TWVHT1ctNWZlb1pISWpDYTFaekMxN1Y0LUtpQm1odk91OTJnb3dCOFVOVmhKLUN0WnJpQ3ExZGdXdGFoVno5YVZmdUtuM25CSEFMRW5yUHAxeFd5cEQxOUUtdDRNVDdIWXlYYVhvQVpsWnQ4eUhpa0JndlFZZUN5eGc?oc=5
Durham City Council passes 60-day moratorium on da,,,requires_redirect_resolution,https://news.google.com/rss/articles/CBMiiAFBVV95cUxOb1pMWFRCS2p5d1VlcklWR2ppZGlaMnVESDF4TnV4Ymw5ckFkZW9ibS1aNlMyeGc3MDNBeU95amx2ZFk2bDlqX3NBbGFHZUZvRWg5UGNocjlRZlRSSTVfclhaN3VialVqbERibEVWZndocmZDM2U2V0tzRzJVNHd6Z0lsUEt0TXo0?oc=5
Manitowoc County Board approves 18-month data cent,,,requires_redirect_resolution,https://news.google.com/rss/articles/CBMikgFBVV95cUxOWUJxRExzNTZRd3FyU19vQVpsNy1DRnBUenZ3bnl2QjZ1ZlJaSTVrY3RTaTB2VTJVdndDdFhrN2w5aHdwZ3dBNVlGWHZ3cTFtRURDc2I0a1dqbzhGM3RsamE3ck5kNHFNUnJKcG95N3V4OXFHMHFmOE9iY291dzBxN2xXX3dJTVVqSmxvZjJnMUtBZw?oc=5
The City-County Council passed a data center morat,,,requires_redirect_resolution,https://news.google.com/rss/articles/CBMiwgFBVV95cUxQaVJVLW0yOF9QSmFNcEF0SW1BU0tGS05IOF9NSjhQX01ROTdySE1CcU9fX2Y2Zk5TRkxRcC1GQmVJaUlaNTI2UHZrRElWM0dkSkRwQWtkOHNIemhYcWVFUlJEdmZTUGpPMkYyZVk2c3RMeEhKQ0FDWDJUYVptVFd2aGlMUEt1YlAwU1owVVJEZ1gteUtULTFjWi16eWpuMGhHMzdXZ1VES3h2aVo2dlk5SEx6QnZVMDRmR1BZeVVEWU1mdw?oc=5
Socorro County Officials in New Mexico Agree to Vo,New Mexico,,requires_redirect_resolution,https://news.google.com/rss/articles/CBMirwFBVV95cUxNN1JNQU9kbU5sOWFyS0VvcUtQbV90T1pwZGNlV3RTVmtFeV8zLUYtbUI2VXE1TzI5S295WEVPUmFoRTBJUmlEd2ZIVUp3VDRWUVd0WUJGMWFrRGZWZUxEZjgtajRWX3ZtcjBMX3BuUFZuRGZRVERoZDgta09PU3RIaTVUZ2hhM0dKX214M2dOSGN1aGk1VkZDZlhvLWhTbVpyX3RNdFdmV2RwT3JRTjlV?oc=5
Charlotte City Council will vote on 150-day data c,,,requires_redirect_resolution,https://news.google.com/rss/articles/CBMilgFBVV95cUxOUm1aRS1ZSnZZOHNrQUpVSnVySnBIRXlsOG1aa0ktOWdpajZmRFJlTEVwX0ZiUjhKaS0wazRiemI0YUhxQURxQjlfN1lybWVHd1BCS1pyWDd2X1Z4UjBmMWczb3VHNjExMXA4Sm5sc2ZjUUVya0R3OGl2RE1uTUtaSFdrYVZwQ3oxSmRnaFhGbWMyVmpxZnc?oc=5
'Shockwaves across the state': Hill County residen,,,requires_redirect_resolution,https://news.google.com/rss/articles/CBMihgJBVV95cUxQNktEQ2R5TjkwdjNLNXpPMXVsU3ZrOXIyU1RoZE9NZDhLSkJoWldlcDBQeVBKakNIVnhJOUJSRXhMTDktTlZrM1o4bkJYbk1maWxtMjg3Vnhid1Q0eFJ0ZnVzQXkyUUNHbzlmSWI5blhfNmR4NWlWVk5hdHRTVHQwZXVSQ0FKdGNoTGFja0JLVnN0RnY5Zk5rWjhyZlFnUXdGMmZOaElOZHVrcUd4c2RHNHc3LXFHVW9yeWMwV2tURjVSUVp2eHg2ck5lVE9xT0dhNm55Q0ZQaW1rX0VaTkFLRGlTWExuUG04WHl4d2NIc0p6OHRkVVhUeEt3UWNOWGJ5bzFScVhB?oc=5
People vs. Machines: Texas County Pushes Pause on ,Texas,,requires_redirect_resolution,https://news.google.com/rss/articles/CBMitwFBVV95cUxNYl8yZ09YVW55Rk1MODAzTm8yQjByQXptMjFqclNody1pU1BBWjV4ZUlVTkhzeGg2QW05WkNVeHJCbmpwSGk5ZjA2R1dMNEpueHRwWGpGbDVDUFE5VzQ5QW82LVNVeDVqdDNRX05TY01Yb0Q4bXJBTVhYTkp4VVN0WnRucWp1TDJYQlNWaTJ3MHd6TkdrS0NYU2REOHVCVF9IS3pCYjJhN3A5WEUxejN4N01qajlrZjDSAbwBQVVfeXFMUDhFakZ6Zm52eTZMdi14eVQ1c241MTVMRk5FV2JzQXdpQW4yYXdnVHR1Vm44elpmNDl0bms2M0Z5NGJQTDJOcFJJZlR0TUlodnVsb200WmVDN2o2OUYyZVFhYTV5MXAxeWJ1Z1dCU1FZa2RNUGhIUHZoT2pUd0EzbHl2YjhVSXBCcFNYODh2X29pNlRiZ0dKQkVFamRoVG9aZFJVYXc5RVJoYW5SWFpRSk80alpzQjRHeDIwd3Q?oc=5
Reno City Council approves a pending moratorium on,,,requires_redirect_resolution,https://news.google.com/rss/articles/CBMimAFBVV95cUxPR0ZUQzV4WUxMWmw3X3hYRlVURnBDN0lUdHBRNXBKSWhEMjR0cGY3NDdKYXNoSEFvX2tMallGMGFVMGFFZTIxVXNzdTNTR2s2THk2MFNNeHRlcDRMeERRY1pXZFFaS1hKVHQwUDlsakJEck1sTmdoU1M0VG9qNHJ1b3dCa21yeFNUcHJFbDJoQW5xT09SVGZrWNIBrAFBVV95cUxQRVFoSkwtTWh0NExXN3hPam1PVGJCLWIyRkxqaGt3RDFPYTFhRnZ3T3M5VzkxNkFrV29fYUxDSmtLaHhRLVdfZkVZYk1nUi1LOFNfdEliak9Wd2QxdVdLNzZRaThQdm52bFZoSGFxLTJ4aGQyUTlEekRDeW5qeXFYaDJLTXQtYThvVFRWdE1TRlVuZGxYMnZqdGpyR2FTbEZRSXdjSzMwekR5Q1Bp?oc=5
Hood County data center opposition: 'You know the ,,,requires_redirect_resolution,https://news.google.com/rss/articles/CBMiwgFBVV95cUxNdGVhZWEwLWhLN3hMMy10TjMtazdhdnFUZVFtTlBMS1E5eFRYWll4Q0F2NTQzb0ZRbVhEeE0zenNJQzNvMWNXTmM5c2JXWGcyZ1FidUtJZUx5clBwVGxDdkU1OXhYSGM2Vk95QmJUYmlNanduQnFJdU5VUERYQzJSbnpTeTd6Z2p2YnNyakNOS19PTk02ZHJPRmtOTS00NTRxLU9GTWVzbDdqSWdBUkM2RDVycF9Rbm5ha0taeHdpREdIZw?oc=5
Gallup poll shows stronger opposition to AI data c,,,requires_redirect_resolution,https://news.google.com/rss/articles/CBMiiwJBVV95cUxNUlBqaktsQjlwTUpaTl9yRUpLS1NoS0Zsd2lTOWJFUkZ5ZUgtRHAzdlV5Wjc4SWRtMjRpbmtQSFdWZVAyOEFYdm9fODBaOExDLTBBLTI5OHZxcVJkcEhsY0VPdVdCSThlQjJ5aFpSaFpCd0staVoyMDZoak9RdVBzb1RWQnQzQjdRblpXTG9SSWpTSlZSMklkek5qRFU4OHowOHBUekRaMGcydlVfdUViM3ZUWTJRUERUVXVvcGR4OC1MMlNpejBkbWNFQ2JvbU9qbFJVWDg0VmxUeEp5elUycWlqa0xCSGFhbzJseFVURm1fSGxiSUlkdzQ2TG5DY25maHJHUkZ1NDVKMzA?oc=5
Colleton County considers moratorium on data cente,,,requires_redirect_resolution,https://news.google.com/rss/articles/CBMizAFBVV95cUxOMDVIWnJUWWU4UEpQV1MzYlB1LUxxVzIwZEswSmtIQW1MeGNkeV91V01vSEVYY3d1cUdQNEpjOHpWQ2pveUFEa0U5LWR6RktLWUJSVGxBNm5Db3QzTUJrWnVfWkhqakswVFB1RzNfSlZLbktqelF1U2JVWnIzOTJsWnd1MTY1cGxxS1JzMzF2UDZENVQwcUZWdjN5aVRWVVM2cFU0T0ROWFRQQTFRLV9mYkViY0FTZHk3bmVNSlZtYUM2RTNtUUJYMlBUUUI?oc=5
"RoCo passes data center moratorium, over 100 resid",,,requires_redirect_resolution,https://news.google.com/rss/articles/CBMixAFBVV95cUxOSmFOYklocC1XQk5fQkV1YUZsR1FWaW1UVFRsNzZvQzdjazFwVlRPRXRCQmx4c0h6NGs5eFhIWWo5Q3R6djRxV0dEaTUzQ3VsMHgzRVNrUTFSZ0NRaU1lOTU5bFdQR0NSM3gtbHpsYjIyUUVBaFBxR0ljbW55bkdJNWdjMmh3d3hHQ2ZWcmVuWG95SVpzU0NUdW1TblZkMWt4NGM5Tm9ubWhQZG1CdUthLVhOWF83dDJvNlFLNWJEQW9YN1Js?oc=5
A one-year moratorium is placed on data centers in,,,requires_redirect_resolution,https://news.google.com/rss/articles/CBMimgFBVV95cUxPcnd3WXhvU1Jvc05LTURDdzF1LW0zaUpvay04TkVfYVpGMDFfQlBGR2lZT3hlT0VOSmpDc0tnNExnQXRpdDhpSWtZRDRGOTc1WU92R1VIc3FJclFYNllEazZYVmxpNlVOdm14d2FFU1R5VmFvaUJOMVR5YnZJNzRGd3ZvQ29Xb2V2OG9haS1yeGdJMGxRVk1HbVpB?oc=5
Citrus County approves moratorium halting AI data ,,,requires_redirect_resolution,https://news.google.com/rss/articles/CBMi5AFBVV95cUxPdnpxNldnZTk2Y28tanE3VDFkMnpSZk1DMGkxamJtUTlNcUM3dzhUdGlfVnV6Z3F0Sl91d3plaG1MMkFlaDVNWmRfd1FRRGkxUTVFd1dpQVluWWVVcHZKQkYwLTU4OUhTaGhJZVJXTHZ1aDVKb2RXTXFzLUtzWHJDc3hxQ3BtWWg0bnpVTFk4SWFEcWZHQUdjYVFXRk41MkJCMmFDT3c4UWU0SmZhT1RWVzdZYUFNXzRpS3hacFpBZWlRcUgwbXZnZmlNX3VGOW1LWnBmMXZEM1AwSDY3TVduYzNQclI?oc=5
Socorro County approves one-year moratorium on dat,,,requires_redirect_resolution,https://news.google.com/rss/articles/CBMipAFBVV95cUxQakpMOXdpeVNKVHpwcFNjX1ZIUVRYMldzRUdOY0dhM3o5V3k1bk5PZDdnamJXZFVHZUZBMDdVVWpKMnpwdV9kUDJpQm4zRHNMRlJrVFNUeUg3YkZPc2d4ZjRzRWJOcEFGVFAtSzVUZFhmZWNDVTJqelRJb0gwUjRuV2RlR3ZDOHh6dGRMdlVCZ0ltUmN4MnpOTDdMVGVGX1c3T2pqYQ?oc=5
Socorro County approves data center moratorium ami,,,requires_redirect_resolution,https://news.google.com/rss/articles/CBMipAFBVV95cUxQakpMOXdpeVNKVHpwcFNjX1ZIUVRYMldzRUdOY0dhM3o5V3k1bk5PZDdnamJXZFVHZUZBMDdVVWpKMnpwdV9kUDJpQm4zRHNMRlJrVFNUeUg3YkZPc2d4ZjRzRWJOcEFGVFAtSzVUZFhmZWNDVTJqelRJb0gwUjRuV2RlR3ZDOHh6dGRMdlVCZ0ltUmN4MnpOTDdMVGVGX1c3T2pqYQ?oc=5
Lincoln Township approves data center moratorium -,,,requires_redirect_resolution,https://news.google.com/rss/articles/CBMiigFBVV95cUxPWTVfMV9GcW1ienkzNzBtQVZueHVFTDRqR01YemJraW9MNk1la3oySG5vTWxMMXdSTGV3eWRMeVdjZ1M0SmxDaG11X2l5QVlpNWhJYW5WdklDMnhENnlqd1RyZ0R4NlNGTUV1eWlDVlp0WGI0SGdVNzV5WXBsWF9maUpTYUpqcTc5ZlE?oc=5
Westport enacts data center moratorium - hngnews.c,,,requires_redirect_resolution,https://news.google.com/rss/articles/CBMi2gFBVV95cUxOMEtsSTlkYkV2dlNINFlHcnAwUTBCb0V5SlU5MTlPbnVsdVRwNTFkcDk4MF9DdWpQQ09DSFIzcUh2YmlQMnBVMFNuUUlMSGd5LXdOSkYtbVAwcDJCNWVVMW9GU0x3T3NLU1pUenNweXh5aGkzZnNjR0s3MnJ0a1plQjM1ZTJ4a1F2WkJoZ2VRWm1HRnRnVC1jRmd3cVFBSU83SnVGT3ZpRWNoZEcyQi1ydnZySkMzOHloTXBjcExBQWt5ZXhJdHBDa3N4WTZaY241WXNfWjF6Q1gtdw?oc=5
Champaign County takes first step towards a one-ye,,,requires_redirect_resolution,https://news.google.com/rss/articles/CBMiogFBVV95cUxNYVdaLThhV2VFektPNFAyU3pZS0x1UzN2UGZSanotZ0swY19LN09wWDV5c2JuLUNzQ3BLZTZ3TzUwVm1yY3ZHX1ZGWHhtM2QzY2xFaDhIQlg5SktrNGM3aU10Nzhndjg4Y1RNR1c4X2lVemZzSDBORFdZeWQ1WHBwUnpselBqZ1VudHI4R0lMZTFaWUk3dWVELVdrSDMydWJNeWc?oc=5
Clyde enacts moratorium as broader data center fig,,,requires_redirect_resolution,https://news.google.com/rss/articles/CBMiqAFBVV95cUxQT2Ywd1E5S29ZeXIzZmlQRHI4QlF5U0I4M2JwLWNFYTd6MnFPd3cyeXVTaFducWZyMkVPM1BQamtSNW9lNnNBa3A1X216SjVOR1FnTGl6RzZMN0VFWG96NTJWWXU4VC1sUl9KR1VLVnBWbEhSQUZlbHowX0VYT0F0WkxGV0M5Q1lDZFBGeWtYZzJFdHlBVEdaV01PS3JDNlJtamg2M2VSSXM?oc=5
Pulaski County quorum court member to resign amid ,Arkansas,,requires_redirect_resolution,https://news.google.com/rss/articles/CBMiuAFBVV95cUxPbmFQWDdCOVZvZGE3R1l4eVZmOHVYWURxZHVOYkh3dTU4WFIwc2VDckhCakZDa04yd2QxQUtIUDY3V1ZqZkw1Y0ZUWXpkSHhIWVA3ZlJWbXVMU05MSUxEZDVkclA1UTVnSXNLWTlKLWFacmstb01ubzlfUDZtdDByRFdUTXpHa2ZMWnpUenVSVnBsWnF3Sjc5UzJVSzlZUk13b1ZnQlloaFZHTWZDZGRYX1ZYN2V1cGt5?oc=5
Allen Park imposes data center moratorium - thenew,,,requires_redirect_resolution,https://news.google.com/rss/articles/CBMiiwFBVV95cUxQQ2R4ZWdTam94SDJjTzMweDgyYnhVeFBRQmtoR3ZLNkNSWldMWWdKMmdpZFJMT08zYng5dWVVTFJIWm5TLUNHWkwyMUdsMDlXQmg1TGVIMlU2S2VReWxBQ1NDeVI3R25aZEV2ZGh3Z3ZpODVGNDAzSFk1a0YxNGhYR1p0bVhtLTNwd2Jr?oc=5
Residents of NE Minnesota’s Carlton County seek mo,Minnesota,,requires_redirect_resolution,https://news.google.com/rss/articles/CBMiqwFBVV95cUxNV2F0eGoxVWtTdWd1WnZGcmNJVVFDRUFQWHpOVkw3NUgyR052UHZUY2YtVk5hMWpqSTltSXNHOF9oMndncGtrSEFqYlA3dHVvVlNiWGJnSmlCeFRxYTdZRnFTRjF6ZXpwTmlzbjVvcFlOa2diWWkyYUpBWWZvaVlBeHVCbXFlMnVkTlpnRDcyTFY2eG1Qcm1UbnhsNkctUFA5M3R6aTFqSVRmYnM?oc=5
‘We should not have to sacrifice’: New York could ,New York,,requires_redirect_resolution,https://news.google.com/rss/articles/CBMiiAFBVV95cUxPQy0yNlpPSDZ3R2RQRVJjV2NUNm1hczVOaG5JRmZaNjZhWE9vTHNKR0Z2ZC1SVlhVM0xMdmFUUU5USzlJQTBfZ1N0Mm1NcXF0UGFUdU1kNTRYOTdlOXIyQVA4UVVHZWo0NmQ4Y1VNVHo1UFNGNGpuWXJzNEJXSFp2dDBtSE5MVUJm?oc=5
Skagit County passes data center moratorium - The ,,,requires_redirect_resolution,https://news.google.com/rss/articles/CBMinwFBVV95cUxNWjJWQXZsdmpnaDFKWG9jTHlNNm1zeTN4X0FJSWRpT1doOEdZMDc2eFRjLVRIOTNXRmpOODIyLVBvUVJMeF9aMDVPZWhRWTZZN3E3UDY2RlZuU3AxVUZQNVo0RVgyQVFBUFhNMlhWTlV2X3hUTHJtSDZRR1Y3WHpaRXFldFpoZzNLam9QejMyVDJCU25JVm1qRjU1ek5ITjQ?oc=5
Dubuque County Zoning Commission recommends data c,,,requires_redirect_resolution,https://news.google.com/rss/articles/CBMinAFBVV95cUxPc0tIdGtCeWI5SzNaNzFCU3NScEtoMFNkclJTWEdodWVhem1Fc0NRTjRpX2J6NExORklQdVh1WnZDYjJ2b3ozVl9uVUdTMkdxMkwxUmhwSGpJM09zQVdvTVQ3UXUtWDVwX0RlS1FtMEZKVHVDT1huZDN2a0xqOW1XV2NBQmxXYVM4UjBqemxwTDNYSnRkX1B2R0FoZk4?oc=5
Palm Coast Joins Flagler County in Considering 1-Y,,,requires_redirect_resolution,https://news.google.com/rss/articles/CBMiXEFVX3lxTE1VaGotaU9QdWplMlFXWFQwaEZqRUlNZUxta2d0M0ZJeHJzTll6YWRWZTZfX2FIM1lTRDNzNU5sblAyQkx2bFBZMWpGZWhmZzBlaTZ5R25keUhocm5H?oc=5
Reno extends its data center moratorium into 2027.,Nevada,,requires_redirect_resolution,https://news.google.com/rss/articles/CBMitAFBVV95cUxORlVPc1ZxbXFWdUduOEdnZ25FODltdXBIR0Z2emQ4UDZmVWlnTXZfYmJsb0IxSFZEY2JLV0R2aDk2RTRtU1J0ZVk1b2phR1pqUGhoeVcxMTRzY1B3b3Joekt1ZllZekFYb2xWNi03SUtxRjhxMnNvM2VQSTlteF8wQ1FfN3Rtc0VhZG5wamd2MGR6bnYySVI0RXV3ZkVIN1FETVhMWDc0X2d3U3lQRFl1V3l1bFY?oc=5
Cave City approves second reading for data center ,,,requires_redirect_resolution,https://news.google.com/rss/articles/CBMinwFBVV95cUxQd1R4MWFxVmY3bE5JX2RIZ2MtSnlfaDJzdXpEWktKSjlIeFdJSG8zUkVTc1IySldXS2h3NkpZMURGeWRxWEt5emY2dFp3WlF2aV9lUy1QRjcyOTRHTElLd2xZZXJSbVJINTU4SklnbFJjODNxalEyeVo3OFpnaFJRaEpzczBJd3RzcnRYc2RWMnhrRVR5enliZERybTZyeGc?oc=5
Box Elder County passes moratorium on future data ,Utah,,requires_redirect_resolution,https://news.google.com/rss/articles/CBMiiAFBVV95cUxQVVpsUzEtQWtqUExvSnd4ckpMeEhSc0dWN2hNNXhZSlVSOEVVQ2hxR1lqV0J0ZEVSM1NqYm9OcXJfclAzVTI3RzBvY2s0U1FnQTdRM2I3ckVtSkJnZ3BFZmdlSmFodDhkeEotSkVXeWRhU1UxaktsWnNEWm9oM1dIbUhnd1djM1pn?oc=5
Pasco County considers 1-year moratorium on data c,,,requires_redirect_resolution,https://news.google.com/rss/articles/CBMi6gFBVV95cUxNcmlKa1FVN29QaGhwTlh2YmhXS0xlRkdXWVY5TTNsRDNvMHo2RExhMVNEV3hQNC1kMUZCRllrNVRMQi00YlZucTBhelI1dzNZakdkMmdqb29ZcUN1TENIbXNIcGI2MTVydXh0U0tFaUdYRkQxaU15SGw1TjlYVWdKRmZBdUw2aHVBaDRTUW9BcmQ1ZVc2c04welJKQnhaUjFDelREVm1CSmZWeDIwVVg1U0JVVDNuWDF2NzhKVGhXMHVDMHM5X2hoX3JKMm5hc0tDdy1RYS10Sm5yMEVvZVpjdUZjdDI0aXE2WUE?oc=5
Hood County Al data center town hall draws biparti,,,requires_redirect_resolution,https://news.google.com/rss/articles/CBMi5wFBVV95cUxQbllSUTBzbWZOZDZNRFVsMHoxWkFINVg5ZDk2MU9udjdBTXhzY0s4UWJiYVhJWDlma04xWUhhb1RIQ1g5bjNGeDcwNU1zRTNucmxsRlQ1ZG9XOHNHZG9JSEFoYnpucG5aRTB4V0dGRHJ3ZVUwNl84NjQ3dDFXUF81M1N5WjdiaTV1VFJveEsydXZBVEJwOFB4QUNBeEd0OUtFaHBhWDRmX29YcFpHQ2JLaHVqQm5UcXlZYi1IalhScU1EZGV2eGp0RzNkai1hdi1fOGMxdnZjcFN2WGM2YVp2LWRsaHotV0U?oc=5
Council votes down data center moratorium - Times ,,,requires_redirect_resolution,https://news.google.com/rss/articles/CBMioAFBVV95cUxOb1NKWXlVWjJ4TVc2bk16WUdrQnlXOXlpdEVIYm93eEFtOWdHOUhFZkZFbEoyT1R2RmM5WDYzOFZBQ3R4eTZrSFctVUZZbzhPOVJMR1oyMGFuZk5jYnZYVG1zVGtJX1hRek5IVXA0VTFYeVNOSUdWM3lLckM1Xy1wQWNHUUxtbU02YzdHNldkZXFEeVFtU05IZjZMQUItVVNz?oc=5
Morgan Co. approves moratorium on proposed bitcoin,,,requires_redirect_resolution,https://news.google.com/rss/articles/CBMinwFBVV95cUxQTDRxNFhZa1E1TGg3ZkNPbmFMWkNNeWE5MFlDSTNjeEhhWmdzeERyRzVIaTdMX1VpUF9mOGdLZUZPeG5pRERka0s2Qnhsak1HZ3pNUlk0eEg4SEF4WkN5RGdXYmM4UjI1MFFWQ1VhNTBqOHVIOVdXS2pNSGIyTUFZRDl4Ym9qR1UtRkJ6UllHcFdDdGU2VDFTcFJmdW9DakHSAbMBQVVfeXFMTXRaSkNzd1lpY280d0p3b1VzQTVNOHlQU09KaVBGamVQdGlYenhydDdvUWRmUTJiZ0lKRWFkTC1vVGZKcGdfc1RCVUFyRjAyNldqZmd2Wi1ILWxTcmFsbHFxSDZTa2RFM1NzYjZETjhPN0pnczdGRmN4ODVUV2pQcnJoUUhndmZYSDZBLVBWM01Ib01qcWdCUzdxN0pITm01UER2UzZ5emxwb1Nnd2ppSzI2RjA?oc=5
Luther adopts data center moratorium after backlas,,,requires_redirect_resolution,https://news.google.com/rss/articles/CBMilwFBVV95cUxPZksxV2l0RU0tRmhHLUVuWmUzQmh3RFV5SzFacnpUMHBxcHQ5dUdaOHlPazBxbzNlWXZQNkdwdEhSZDJHVWozcmpsa0txZG1HRDFwNkFnVWp5WVQ0RUVwMW1vcjZsb1EtWlUxZVdqV1J6aDNkWXdlTWdCTVNuYVIwblRNbms2Y25yYVZxaTl4d3hEcUMwdGJr?oc=5
Versailles City Council enacts moratorium on data ,,,requires_redirect_resolution,https://news.google.com/rss/articles/CBMitgFBVV95cUxOS1FfNTY3U3RZcE9NUnpDRkYzUXhqVDJlTHROX0FSNG44YnFQRzg5eW91SGg0RjMzYWRUbUpFcTlkUjJTTldXamFnVDRCOHpNWnY2dVRvNlZaSWJELVhFVFVUV0puU1ZUNFNRS1ZEV3QtTmVQQ2Nac1FOMGllZjFYVzVZcG9XdGExTXBrZ1ZzY242X2F2R3kyamFuSS05QU1RbWVLb2E2aFJ2aVMxNUNnQ3ptQkh5Zw?oc=5
Yellowstone County Dems are seeking two-year morat,Montana,,requires_redirect_resolution,https://news.google.com/rss/articles/CBMiiAJBVV95cUxNcml1SkJWMHI3NVRlV1N0dVJDcHdaSGNibkhHbHRvSU5salRHSzBwLW9hdWJ1cElYNVpvYnFKNFF1NUdVQXNSZGxWU05iX1p5QlQ4RmtNdC05dXZQOXNESFFBal9QNU5sNlY5dFhSRHZoNjFlTk8xaHloYlhhRzhDZi11QlpwRmFzeHc1Nm85dHhVNjhZV0NSdy10LVY5ZURUaXJadGwyUExrSHRra1hhME5QU0RRWFJuUEJBbUpuUzdSTlRJSHlweG83dnMwNm8wMDdhM2U5bTNzamVHcF90SGY5dlUtcFNZWERXQWxNSThlOEZGMUpEZ2ZuY2l4eUU1RG40WldlNTE?oc=5
Box Elder County imposes 180-day moratorium on new,Utah,,requires_redirect_resolution,https://news.google.com/rss/articles/CBMizwFBVV95cUxPRlhpRjFkd1VNenRmTzZoNDdJOWdBZjl3Z2YzQUdaczAwS0ZWb3U2MEpxWXFPSXpldnRYVVNqcHJZOFlsbmd6STFJaFZYc1k0UkVQTnFfZUk3RDlnekZocnVEUm9SbHBGOHJYejJORWxyMmMtRW9mdnpxNlQ0b0xtSDdFdVBheFFIM2lWZ0dxcVBzT0xMd1J2TlBEUWRXdVhTUWthMktDaDBOcmY3RzMzd0w2NFkwYjBVLV9FNDEtaWYxdVY5ZzVlUEx4akVkRnM?oc=5
Cache County Council dodges bullet by imposing pre,,,requires_redirect_resolution,https://news.google.com/rss/articles/CBMiqgFBVV95cUxQTGVuSHJTUlltZF85SC1faTdIMVhXdUd2eEdQZlFZVmtELTBrTXB5OGxJd2Z3Ull4eExiN0tnMER5dTVwd0FVTEZGbm5xbEN0cUVrQkxlOW05eVlhUGZ5RDJ1ZHpucE9NMWhJbzhtSjZpY1g1MzlMdGo1clFtS0MtOEF6NXdHNHRPTHh6RmJMYnd2MnFqcjVOMHJDMFBlWFFndGUyb2VLSnk0dw?oc=5
A one-year moratorium may be coming for data cente,,,requires_redirect_resolution,https://news.google.com/rss/articles/CBMimgFBVV95cUxPcnd3WXhvU1Jvc05LTURDdzF1LW0zaUpvay04TkVfYVpGMDFfQlBGR2lZT3hlT0VOSmpDc0tnNExnQXRpdDhpSWtZRDRGOTc1WU92R1VIc3FJclFYNllEazZYVmxpNlVOdm14d2FFU1R5VmFvaUJOMVR5YnZJNzRGd3ZvQ29Xb2V2OG9haS1yeGdJMGxRVk1HbVpB?oc=5
Brown County committee declines action on data cen,,,requires_redirect_resolution,https://news.google.com/rss/articles/CBMimwFBVV95cUxQMkxJdjNBTWRpUlVtRjU1b3pGVXZiaFVTVWdPYmFMdTM4cGduLXM0RG5sb2tCbDljcmNRa1AxcGFFckZJeXZsWlJCSlcyUDJWTGN5azI4aDd1cGVPQ3lVMklfcVBLSXUtU0ZrLTdhQTlJN3ZJeE43b3VQMXF0TkxwYnJ5M0lrRGlHM3B6QzV2ZndXX3VEanpFUGF5SdIBrwFBVV95cUxNRTBxT1JoSnRGd1N1blhCdldOVlN2OS1QZU51eDlaLVFvclNNTzZCSXBVY3FQSGZodmg2TFJWS1FVMGFUQUhMaHpleUpyNnk1cWt6ODNEMENJaVE2Q1BCT1JTUVdtaWxfclljNkxPN3lWWjVPUnR2VWdwSEYyQmgyT0tnS290dkVoR0lzdEJIcEE0YnE2Z3AyY2pWR2Y2aVFWVXNFYXBFUUJvNDE0c1JZ?oc=5
America’s data-centre backlash puts the AI boom at,,,requires_redirect_resolution,https://news.google.com/rss/articles/CBMiogFBVV95cUxNMDgyUmM3WW5PYzgzNXVLck5ReTZoZlhITEdkNDZaaFp1QXFpN2N2MmxsUlRuZEZRbGVkSmNxcmt2clNCZnZ0ZUFuRy16dzJXVzdxZUVIem1rWHVpOExWaTBhQWNZZHpmZ05jLTRzR2V5VmQzaUh6R0E0ejRBOXJhYThmYUlBSm5tS3IxUC0wSUhYVVBjMVlXUlJab01vTVVoMFE?oc=5
Anti-data center group forms to oppose Amazon deve,,,requires_redirect_resolution,https://news.google.com/rss/articles/CBMikAJBVV95cUxPZkR4UEYwX3lEZV80bHBmV25KWGU3R2s4Q2VjTXk4N2ZycjJuRktVdUsxbnlsWUpkTThGemVFVUZKeHBIODJsblpsZmhvMWZYUFp3bzdqYjJOa2E4c2w4U0k5MjNSa080WGY1VTJ0UUpFOWczbVpyYlFWTl9wQWtRZ2t0aWJPMFJ2S3BIdTlVeWVfQTE3eTZJVWFlNWZTNjhoejlQTHBTSEpUd2lDWUF0b25ERVpRc1BwbHhIQ1ZNdGRjamhETnBYRDNDaDFmMW53bTdsSExuMVYyVnhyVzNXTHViZFJtbFAxUXhONWp4Z0t1QUkzNzhSVmo4Wm5RMEFEc29YMjBvUDZrcXdFOE5Ydg?oc=5
Lansing City Council sets public hearing for data ,,,requires_redirect_resolution,https://news.google.com/rss/articles/CBMivAFBVV95cUxQbmt3UGpvdUJWQ1RFclJ4N1BHdTZKamJjdzh4V2U1Wkw0RmQzaHJrSnU2RXZOcU9HSXFFbnZsVUJEREY0TmlZSTItNEpBZThvaGR2NUJjck1PVDFUay0wX3RZcnNqeHRPS3FRR1ZTRk5ieEZ1bkVBRFFfYjhFSW8wYW1kU0JuTFIyUFRZc0I4b1Zpb3N5c1Q2Y0QzQWJiLTFMSWJOSXg4Y1pyWmFzTjN2Q0N4SWNZeWI2S25jMw?oc=5
Lake County hits pause on data center development:,,,requires_redirect_resolution,https://news.google.com/rss/articles/CBMijwFBVV95cUxNNTBiYmdsR2NHeE5WcThwYTJzYnNlNm0yX2E0X2Z1MnA2Z1FKTlgycUZCZlJYTkswVXVSRkQyNjZmNmhWZTJTb2gyQy1JekcwRkFKTWFieVRBd0dkQnAwZWhYMzlRSVRfRzVUZHNQZ0ppZW9GbzZ0Qkc3bHJYV1pzZE9Db2NDN2QtRERpRDVOUQ?oc=5
Inver Grove Heights approves one-year moratorium o,,,requires_redirect_resolution,https://news.google.com/rss/articles/CBMimAFBVV95cUxPTExnbE9ZZ2JEaXBpMnZYZm5qTm83c0V6TjQwT2xHc1VUZVpDTm9jM1djXzI4SnI4cWxDbVhmeC0wLUM1aGRqMklxYmdBaTdybGVFbU9MVU9LNVBLNFVDWlRfVDJlakFTYTItMzJSRHE5ckNCcWltS1lOR3Y1ZDgxUW0wM3g1VEdCSndWcmFPVjlyVDRiYnJURA?oc=5
Bell County residents pack courthouse to oppose da,,,requires_redirect_resolution,https://news.google.com/rss/articles/CBMipAFBVV95cUxNbENlRDk5NVpGX25FbTZaeDJGRkJKdm1ZVE1sQXpNcERBLXByZ0lkUEc3VmVhRDBFYmc1YlpBUk1ZbHB2U3dCTUplcmRFdk45dGNGWFg3M29fSWxsNlpwTk5sdUVKVUJQYU1naXNaRFRBYkpHQlNFLXkydmZZdS1vY1RJYWNnSTZINm1ZUjBKeDFCV1lpVGxDYktMdTFSa0V3cmM4T9IBuAFBVV95cUxPRVNMMFkwcnhHWGI2QzZPaWRHa0Y0dnFHMEdwRWdSX1VHcHZBVzJTdnNnSkdJV2J4ajB3cDU4NkhFSzRFaG9qR3pPMXQ4UjdCR1NJUWVxTUw0bzNkMktud2ZLQXpOX2dDYTFid2RUZlNkTENKckNZMUdVSHo3bVZOWkEwOG9KQWxQMVBUVjlaczdCbzRpZm9weVl3WVhRbjhya0ZCRkJNaUZaYzhYZHZYTHZFQzhpcWRO?oc=5
Pasco County weighs moratorium on AI data centers ,,,requires_redirect_resolution,https://news.google.com/rss/articles/CBMinwFBVV95cUxQTlZncGNIQ05BdWRDOUtnNU1uZnNDaFAwSVZFWGhxUmU2OVJJcUdULW5kVFRWakF0eTkxeTZaQVdJcWpEa2lERzNjaTlUd29Bc21fVHY0SnQ1SEc3TUl1dE84d243cnNsSjU0NlREZzc5TFpaQy1LU1VRMWpRRlFWN0hvS3hVUmJoT3FfZnpHZDFfQVVqRXlWeGdVZ1dmUjA?oc=5
City Council votes down proposed 12-month data cen,,,requires_redirect_resolution,https://news.google.com/rss/articles/CBMi7wFBVV95cUxQX1FkTTliVlJaZTVsazRwOU9uRTB0bEpfLVpzTFNuZ293UVNJU0prZFVTZ21JSTItVVNnWmhzbzlLRHhfWTJoWENXZE1mVmdLcWRLa3VGb2lHdThybUdFU014TjVxNHNHUVNtS0swbjM4YUlLMG1aSmlZTW9GSC12UTN4cGs4azlrVzEtMnVVODhOdEw5Y3UyUjhBSTY5Rmx5OHBROF9ES2NIZ0tkckVGSVlRNmJqOWJ1d0hGd0tfWXd2Yl9qVUQ0V2lOeWFHdlo2eFFKQnpOa3UzdlFRcTBuQlhvOHdaOWRRRFFvVmc1MA?oc=5
Colorado County Prepares to Extend Data Center Mor,Colorado,,requires_redirect_resolution,https://news.google.com/rss/articles/CBMiqAFBVV95cUxOLUN3N0lIUm1IMG1QUmpuS1ZlUVQtTGE0S3Ixa1RnTlVxMTJWN3VUb0UxUXU1SlRxcW5DbVdwcmwtUm9kaWQ4UG8wYW50QmNCc3JmeHZlTlVqOFZxMXNNMmh3dUZENm5XQUVzSlBGcFBVR09WMkNacHU3N3BNSXp2bnlZNkUwa21LUmJtR1FoaTFaS0djYW5mR2hjLUxxemtXNW1GX25LOXI?oc=5
Nelson County officials oppose hyper-scale data ce,,,requires_redirect_resolution,https://news.google.com/rss/articles/CBMi9wFBVV95cUxPWWpnSVhwalZPaEJtRXE0LWQ3MWNQT2JJRmt6b19TUmhidzdPX1gzbHNyWk5Pc0poaUdmcWNSUU5oazczdmduck9xT0RCbWJEUHBrS3RralZWaFlDa1JlVnh2UlIxQ2xnLWxTNW9tTGg1Z1RpaDg3MlFXWXU4WmxmTUJDMVg1bnI1bkRLMmhZV3l1M21CbHAxTmZFd0UtY1lSUFM3aDBMZkF5R2p4UUw5Z1kwMHJLUU9pQ0V1eDk2ZG9BYVdId2s5SWQyRUd0NFpwYVBRdjlsdnBkV2stS2FwVzVma1hvcS1mbWZTVTZ6QzVSa1NqQWd3?oc=5
Minneapolis City Council approves 5-month pause on,,,requires_redirect_resolution,https://news.google.com/rss/articles/CBMiigFBVV95cUxNRjh5VHNZWmFhd1BpbXFJTmI2dHl4WTh2YmZ3aFAzQ21vN2RDaTREeHM4SmhQS21tVHBTY1BHZjNwZmZsTi1HTkFnb0RRdmo0MmdLTUNYbkFibDZoeFljSFo2b0NvbnJwY1lha2tnOXNnbjJXZmtnREY0RUhqalZiMnJ0WHRFcnFrbUE?oc=5
New York just changed the rules for every data cen,New York,,requires_redirect_resolution,https://news.google.com/rss/articles/CBMimAFBVV95cUxPMFRXLUFhdzl1Ql9lYWY2ellxNUlzOUxpSzJHR09PVF9Sa3Fna1Z6SGVsZ1ByWkowcFlsRUFkdEdEVHI5VUVPb190YW9wRVZDYm55Uk90bWlta3BqWl9aUWY4MUs4X01nR3dQMGJFRnZiNXFBdDhzRnhoSWw4VFhjX0ZUVmpfUGNSTjhvSDZYRUNfOHhyNlJuUw?oc=5
Socorro County commissioners OK one-year data cent,,,requires_redirect_resolution,https://news.google.com/rss/articles/CBMi9gFBVV95cUxPaHNudTZ0cmVPNHJqSzZDUEpSUWN0TUNQZ3hoMnZZZjYxdVpWcE9XaEJVdG1KZDFXR3JHMHBwdHZKeURNemlQZ0Q2dS1GTkx2aXEyTy1DSkVkUWh2a09qVXhjdzVuQnFhamowUFlrY01PWGNfZEhMeHd6NG8wT0t0NnNvTW1QXzVVTGY5c3BRVHRlWjVrVlpBQlBkblI4QmlfRG9ZYzdRdW1XM3o0WERNeFAweGhtVGVzUDk4QW9ka1NIRV83bkh1RGpqV3VLYTdxVzJPckI0TEVHN2FIMkh2SkhKMnktZ195ckIzVWRmN1RtaG5Kd2c?oc=5
Data Center Pushback Hit Record Levels in Early 20,,,requires_redirect_resolution,https://news.google.com/rss/articles/CBMinAFBVV95cUxOcEN4SWY4VHFicGJnWkpHdFlaMnlJenFjak9TVUlKWDlPVzUzNG9WWWNIZ01obUhCMVJyVHhRaERIZDRLbTNIMWVCYmUzQVg2Uk83NU9DV19PcE44aVczRXdCcjlzQ1FxN1FBTlZocFM1NHh4NzRFQmt1WDZPVDFYUDlYU3NoM1RCaFVta2FkMkt0dTBmWWVWc3B4elk?oc=5
Allen Park imposes data center moratorium - Southg,,,requires_redirect_resolution,https://news.google.com/rss/articles/CBMiiwFBVV95cUxQQ2R4ZWdTam94SDJjTzMweDgyYnhVeFBRQmtoR3ZLNkNSWldMWWdKMmdpZFJMT08zYng5dWVVTFJIWm5TLUNHWkwyMUdsMDlXQmg1TGVIMlU2S2VReWxBQ1NDeVI3R25aZEV2ZGh3Z3ZpODVGNDAzSFk1a0YxNGhYR1p0bVhtLTNwd2Jr?oc=5
Citizens urge Marietta City Council to scuttle dat,,,requires_redirect_resolution,https://news.google.com/rss/articles/CBMijAFBVV95cUxQMnFTX0wyS2xyY01FRlNSd2tzdllzLXRPblkyZGJPRHdFTzJwZEV4andTNlgyc2VPUWtkVlEzb3NKVms4WnlwbzJuN1JFZjYxRlE1MXdORnV5cmhtY2ZFblpYMjZSZll2NnUzTXpYd19jMDl5WnFVYjdfd0JjSGJYN0M2WFVTV0I3OVEyQg?oc=5
"In Rock County, data center opposition is growing,",,,requires_redirect_resolution,https://news.google.com/rss/articles/CBMi6wFBVV95cUxQak5nOTlnbUtoc2dISS11TUFxTHBSckJCMGVpMy1tT2I2WVF0OFpFQW1xa0RJdEZOOEViTjg2U3dQNTNQckJrV3l0LUpsb0lvSkZiZFFsbGt5NkJMYng3OGxfeFRzS2otbVcwNlBsV3hBTFo2bFF4a1BrTXl1Q1NsbjFOMDdkYTQ0NmJwMFNJTTRLWVA3OHBmWnpVQ2pCTEtuVEM4bVhoRFo1dUJ3bERiZFIwWW1iMVI4SWFGZG1ZcjhMMDBvTENYSE5fbV8zc2prSDNUQzNzQTZFYXRDQ1d6R3lrNEFMb2RYS3Yw?oc=5
Davie County leaders consider data center moratori,,,requires_redirect_resolution,https://news.google.com/rss/articles/CBMiiwFBVV95cUxQXzRybWkyX3IxX2hfdzg2YTZndmRidzNlc05IUHBscmo4aTBUNWNFVVV6SUJhR2hMQ1N1d0NISS1vMnVhay00MVlLSlRCdnh0MjUwbkJXMkVYVjlsejlYYldkUm1yQllVWk5qdGJaaVFUSFpzeEdpV2NJR3o4LWxfeGVRTzlDQUxRMWdN?oc=5
DeKalb extends data center moratorium through earl,,,requires_redirect_resolution,https://news.google.com/rss/articles/CBMi3gFBVV95cUxObHpTazdNN0VHbm01eFRSNUFzdEpVMFNRZnhWOXQ5YzJtVU9BSDNWdnNLNHlYU0pXTXpUcWRfXzloUDRDVzEyNUFlYTNvazhlTVlTVWRVWVhHMnU5X1BkOHpHOFRLNzB0UjJGNF9tTGVSeEZaS0lhdGkwV2YzeHhxMFRHZFprWERqZVh6Z2pTdkNuR3VaQVp1aThndGpURE1oRS1pQ05WUktBM19ZaWdWMUszYWU5dmtLUG9PSExSN2xFLWJTZnliUG1fZlktZk04dGRpckRvMXBlMXgzV1E?oc=5
Lake County hits pause on data centers as Chicagol,,,requires_redirect_resolution,https://news.google.com/rss/articles/CBMiigFBVV95cUxPWFJiX2Z4QVo2THpfT0lLeERCUnpFN1pzeUZaNlBaNVZvc0o1QnF1WGliQWZZUUxLSkRwX29pLW5NdWRRVmNHdWt4S0wxTGFKSjBRTHlhOWpHcnRndm1fc0Y0WFo2LXpsUmlJd1B6alZoODZObE1RcEkxeS1NNVlZVkNReDVLYjk5YWc?oc=5
Garfield Township inches closer to a possible data,Michigan,,requires_redirect_resolution,https://news.google.com/rss/articles/CBMirAFBVV95cUxORUR4QWJkYmhGY2ZzWjBhVUU0M09ONFZiYV9JWVZ1ZEJyaXZUbkpGeDVZVURSRHkwcUxNTl9qd09tdVV4dDN6UTVmRzFydEVhbnd2VkUtMW5QWkwxQkhfTU9rcVppbjZiYi12UjYtMGd4RHdUVllzaEZ3ZGQtRHVvbTg1RW1ZUE1SOVVLZ0VLNjVNbk1jb0h4SXVjbWN5N2s1YVM5V0RTRFdOd051?oc=5
Montana County Seeks Pause on AI Data Centers Afte,Montana,,requires_redirect_resolution,https://news.google.com/rss/articles/CBMikgFBVV95cUxPNVJFSzVfOHBzTVVaNGg0VThxYkhTRUF4WVc3VHpDV3dfOUJfWHJPMDNYYjNZbWcySUZvTEplaWVaQUNnT25Cdk9fUklRTjhVeV85X3FfNXNqRjYzeFVkTWgxUVB5c3pMa3BsSUNOWUo3UHlVdGdfZEVBZVNwNHhacmE4ODlvQzJDSjVfVnVHcG5Ydw?oc=5
WKYT Investigates: Bell County family fights propo,,,requires_redirect_resolution,https://news.google.com/rss/articles/CBMingFBVV95cUxOT1BZWnhSa29rTnlEYjhfYldfaVNKQ3hNbjB3Sl84anN3OENXOTlobUJtOWpRazExRkJlWHhGdHYwQldJVHRZbzFzNjdaMHBvM0tSX2U5RkxlX1hUdk95Vmo3NGZMZnNzTm9zZVBJdzFMVHkxZk1NRVItMThGSjVJT3ZpN2xqMDhwcG5fd0s3WWI3c0lHdm5SUE9SNTR6QdIBsgFBVV95cUxQaUczd0ZrQUlHWmc5ZktER21rM0Z3enI2dXZjX3JscW0tcGVycXRub2drdUZwbGtEWldzS1RqVllkOGQ0ODFvNWhzejZUenFqMFg2b2x2LTRGQXdXTjRJRTlDaEpFaGllalVBWjY1NEhpUkRIMEpOVW9pVUlySjlBWnpHdDNYTTRDYWQ0VlhqYmNTSVk5emxuUE13THlZV2owZEMtR050QmUzRmNpcVdWaFdR?oc=5
AI boom meets backlash in Florida over water and e,Florida,,requires_redirect_resolution,https://news.google.com/rss/articles/CBMi2gFBVV95cUxNZFp4Uml4azA4VTNHUUJabjZOVWhNNHh6NnFZRFhjYU1kZV9Xa2pYc1FWUFkzbGM4WnR4c0ZJXy1NS2FyZ01KOXdRbUl5dWJWR2Z1N3BTb0NpTzhHSUF3RXI1WFh4dEIxN0NSV1pnTy1JT2MtUEk3a1BBbkhOR1hVVkl2RllnVVk3eW1iSEpLZ2pqOTNOangtVHJhanhhV1RnSFFoVGtFZ201TVdORnBIWUllSlZkR1pndThhMlBsX1l5cG41YTNudXUtZDVrcHNXWVQxaGlYZjFMQQ?oc=5
Nelson County residents oppose data centers; propo,,,requires_redirect_resolution,https://news.google.com/rss/articles/CBMi3AFBVV95cUxOaDRxU18tTW9VcEJRMVhINTlKR0JqWF9HRk95Y2M5eEVUTXh5aWR1bVJNZ3NHcnF4RWZOUEU4a25PV1V5S3pFQ2R6TTFoUDI1eFFCdEJMSmFIbHJvNEg4eXFVRjF5MlpyZjFuUTdEcHh5b0s0SXpUR1F1TFppSHBPNThLbmFxdUxFUDJsRGZLYTVwUXVpbnBOQnd5MHhzZ00yaVpzRmthMjktTWxYdm1nWmR6WEdlMzdhdW84RmRPRXlIUG9sd1c0bmdVeHhKMWEzbGhyOVExMnM4WVRZ?oc=5
Lansing City Council approves 182-day moratorium o,,,requires_redirect_resolution,https://news.google.com/rss/articles/CBMiswFBVV95cUxPTWs0TWowY0NacklXOFl1TmhUSnA5ako2NEM5LUs1YW41NGNzSlczNzlDdWFnRFR3SEtEM2w1OHNxSTdpZzNNQ1lXU1FDLW8zcktIOUlFdnNBVEZFSUdjZkRjRGI2ZzgtQm5DaE02OHFkSTBtT0JfVXhza2hIU09LWFhEakFWY3pBYUpJTW44by1vMEFSVWE5Q3FUTlRBRUdnTFZCZ0pwNGZaZ0Z1dU03NlRyMNIBswFBVV95cUxPTWs0TWowY0NacklXOFl1TmhUSnA5ako2NEM5LUs1YW41NGNzSlczNzlDdWFnRFR3SEtEM2w1OHNxSTdpZzNNQ1lXU1FDLW8zcktIOUlFdnNBVEZFSUdjZkRjRGI2ZzgtQm5DaE02OHFkSTBtT0JfVXhza2hIU09LWFhEakFWY3pBYUpJTW44by1vMEFSVWE5Q3FUTlRBRUdnTFZCZ0pwNGZaZ0Z1dU03NlRyMA?oc=5
"Montgomery County, MD Executive Enacts Six-Month D",Maryland,,requires_redirect_resolution,https://news.google.com/rss/articles/CBMisAFBVV95cUxOR3hWVzV0a3FsbGVXYWhVVC10LUdsLVhIMVpfNWlTTDVSQnlSeU9uaUY5ZklpSGRlWXRidHBnMjZHNTQyaVN5bmpVaDhLRXIza0JnYVdDbVcyQjZwUVFCeDB4N1JJaU14aDdfLWNtdDR5MFU5NnhPcDFtbmF5cWhNOWplNzUyeTVFVmM1UWJ1cTlGNnBpRnczR2hhSGV6dnBSSF95N2FQMmxpOTlXZHA3Yg?oc=5
New York governor orders first statewide data cent,New York,,requires_redirect_resolution,https://news.google.com/rss/articles/CBMingFBVV95cUxQR3RMYU81M1kzaldkWmJmRlBHYkxkMVNQM2ZjbVRndjRVSjJyVVBwYXhfbUdMaktsYXNUbUJELUNqeXU4ckZQaF9qV0c4SXRfZHNQMk1ZQWdJZnI5dy1ON1hsUG5SYzZZR0M1eWt1bjE0ZTFkeEQ2VzRubWp4NEhfZWM4RnJjYjQwY0JEVGpwZHR0WUVxR3lrWUpHQ0xWZw?oc=5
New York Imposes First Statewide Data Center Morat,New York,,requires_redirect_resolution,https://news.google.com/rss/articles/CBMijwFBVV95cUxQd280dGJ0YmdHMjh0S0pVMVNJclRyeEV1VFZNaDNiQTVmRkdCeUk5TEdTN2lvcUp2VG9zWjN0eDU4RDNqLTVSNGJ1Q1VXZkdoV1hrN1lBZkY0U1pfbUFDVDJ3OHJVd00yVTdxN25PYUJ6Q0MwNmNkQnVIQ2hYQ2R0SWc5aW5TQ0xpc1lydXoyUQ?oc=5
New York Governor Signs First Statewide Data Cente,New York,,requires_redirect_resolution,https://news.google.com/rss/articles/CBMilgFBVV95cUxPaTJHMTdjVWVuVGlaVG9TcHJCaVlTVkpRdDk1NTItdFRNWnphNkp3WEpqYkx3UU5xa3hsZXNvSFJSbk5Rejg1dHVnV0lHWDAzNzFpVV90NTZKOUJzRmZ4cXV1SGtGSkJWUGhITnA3cDJEYVJESFd1eWd5ZU1qTXJuQ0l4bmNXTGEzaVpNcEVuaXZNWmgwS2c?oc=5
Jackson passes state’s first data center moratoriu,,,requires_redirect_resolution,https://news.google.com/rss/articles/CBMingFBVV95cUxPXy0tZEJFcGxMQnk5d1FyTUlVNEd1MXVBY3BicjFmVnk2SXhQdzZXSE96TTh6RmZuRjNDdUh2dUlNUkl3M3pvbUVqb2dvRUYzdmxGSlY3R1dyZmVxZWpMeGFpNGhsczZzb3RfZ3NQb3c2Q09VWDVEbXYzZ0RHZ2c3UVowMTZkZHQ0MF9tbzNZOFNZN2JFOHc3ZTNyWDNTZw?oc=5
New York enacts nation's first statewide moratoriu,New York,,requires_redirect_resolution,https://news.google.com/rss/articles/CBMimAFBVV95cUxPa3JqN25fUWtscV9nQ29kV2lqMzJ1b1k4cXk5ajNzVXdkay00YTNuWVhwZFZpSHUtbGNFQXhtUXRnQThKNlZVeGRYMVRhSXFDQkc4a25xNEs5YnVMclNIS0l0WlBuQ1pET1VuRTlWb3M4bFRpRzYzQWc4dHV2UkxVRHIwcnl0Y0Mta2N3eWhUVjRLQXV6SmdQcw?oc=5
New York imposes landmark one-year ban on large da,New York,,requires_redirect_resolution,https://news.google.com/rss/articles/CBMipwFBVV95cUxPNmxEZVoxYnpfc05VZ0I4RW9uT1RCRll4dllKTmU0WExsRHV4Qno1SUVub0JOWk1kQnozbHk4QTJWVENxUGhFQzY3QmxvM3hlRVllelI2aS1oS051S1JKMFdFd3N4VlpIdFNtM3diQ25JSXk0VUJxNDQxUXo3bHNHbExoOWl0aEhCZHJTcm9NTTc4Z1JnaGgwbV9qUzdLdGIwYjlQT1YtVdIBrAFBVV95cUxNbGg5VUUwWlpsMXNpUllWUmYxcWpaaV9aN0NqMEZZOEllUVY2bHBZZE95YWViRkR3U3h5XzdxeFUydThNUVRFcEFpV3k0WFVEZmZzejRYQjVabmVydkh5UVFoT0RET3FnbjYxWlprMWNCTFJ4NjNldFV6a19FeHdtLUZyWGFuNEluei1ac0VUZlJKSUwyZUVyellndWFiSlFGRDg5VjhidEVTTTNq?oc=5
New York imposes first state data center moratoriu,New York,,requires_redirect_resolution,https://news.google.com/rss/articles/CBMimwFBVV95cUxPY2NnYlVpLWFMVVd3TERERmxDdVQtZ0U1X0tvYTRJdV9tN3Jzc3NQWDhlYmdZVllCX0poU3BmNDlmNDljalhGNm5jTjNTLUdCY251LXdMbzFycjNyVlZ3REZEVW94T25NVTVxNU9WVkR6TC1Ycm9UM0xuQ3c1NDIwYmhFc3c4X1E1NzZFdWJKbk5MMDM1aXAybF9uVQ?oc=5
“Ban! Ban! Ban!”: Data-center discontent reaches w,Massachusetts,,requires_redirect_resolution,https://news.google.com/rss/articles/CBMipAFBVV95cUxQS18yRjRqOUJnOWJwbVV4ZUg1cXV2STJMaF9nSUVOdEEzTXI2ZEd3VTRkNElTampweWlBUy00S044Mm1Cak1qRGQ2N0ZlcXhuSzgzTkxsalZqWEV4QTdPcVI1eW0xRlBUWXpfM2R0TzJaN3FqZ19BOWhJNENPUnpMTVctUUZra3J0blZqQW1oOHc4OGo3eWNyc0xGd2c4Y21YV2pnVNIBqgFBVV95cUxNcWYyUmEwMDVFWnJnZmpFY0Y5OF9Xc29hTmNoNEVUdlBNVmloNEtiSlVIRThLTTB6VXhZblFUajQ5TmJycXR6M09WYVd2T1AxRjdxVFBDeVlTM3NPLUVoQzc5bkhtMDhYa0ZmNU1UMDJmbXZYaHY0V0xXVi1CaHFtYzA3Y2ZZbFFwTHZ5UUQtdzhQNmY0NkRQV2xrQ3hwWGpqbW95bnJpVUdPQQ?oc=5
Inver Grove Heights City Council OKs pause on data,,,requires_redirect_resolution,https://news.google.com/rss/articles/CBMijgFBVV95cUxQdlB0aXlkcl9vWWNTdUNIN3ZhdEVqVGpyY3BsaEtrYm4zakdta0xJeW5nM2hueUtIbDM5Y0FvMEI1Ui00MHo4NDZ2M3h5R19nSUxyVG0xejAzdlo0bHVKbWdQaWJLd09qZy1WMllZTGJKdWtSN3dob0VyY2xEd2ZqLXJvcERnQXRKa0pFVjVR?oc=5
Indianapolis council president to ask for data cen,,,requires_redirect_resolution,https://news.google.com/rss/articles/CBMiqgFBVV95cUxPNUtjRVNKSElJYWRZbV9FNWFKM2VoaVhwSExhZUZkVlNoSGI0dWRja0ZDb19USjd4dzVJWDFhRmg5dlR4TlVibWI5c2dLb1VSS01wTjIzTDVHNjE0X3ZUdlZlU2U1ai1yQk0yNDRqQjVXMXdwMG1BT001OHdGTjBIZDZHZkl3bDFTeHBJQ1BTYTliYTNMUThydW10ZERZMDRtWGQtWUlpZy1UUQ?oc=5
New York imposes first statewide data center morat,New York,,requires_redirect_resolution,https://news.google.com/rss/articles/CBMizAFBVV95cUxQTzU3YXY4RkhWWFdXcHB0eDBjQS1kd0VzeHd3NlEyeTd1dG56NWlPM3pCYnVyRlF2aURQWTc5ekJubTM2RzVUVWJPbWdiWkFRZjR0X1BYUWE3amVlaTdHOGljbEVQSmVWbFl0OEJIaE9ZeVA5bHQzQVdzT2ZidWREdE5DbVFCWDZvT3JBVTFJWEZ4S0oyNXVqMENLLXNUdUdHRjF4YWpVVmlNaS1IU2NocFhkM1hPQUk4b0lTdGktckUxVXZtQ2w2NmplaW0?oc=5
No ban against data centre development after Hamil,,,requires_redirect_resolution,https://news.google.com/rss/articles/CBMiggFBVV95cUxOam8yV0FPUUlqa2ZXNjhnTkRtR1lRVG12dmtWa1dBVFg2WEZheUFGNHQzZDdfajBDQWxTMXVXcWRvRFNfemlCX1RtQ2RhQjNSeF9tendtcXhucEdseUFLQzFKdUNEWmpYVHNXT0E5cEMtaUJ6VFBfS2lVNmpHZkNodXRR?oc=5
US residents angry at datacenters ‘being shoved do,,,requires_redirect_resolution,https://news.google.com/rss/articles/CBMigAFBVV95cUxPamRyMWdBU0czMnVvanFzNV9pYzl5dzNMeF9jYkJzTmtQVkxleTV0VXdZTDduRTdZM3cwTWcyakE0NnRQMXBHV1IzLVJJaXRocmNTWnpNNjI5MFpLY0luX2taelR3UlpVb2FVR20zRW5sUXl1Rl93OG13TW0xS3lTQg?oc=5
The Anti-Data-Center Movement Is Reshaping Michiga,Michigan,,requires_redirect_resolution,https://news.google.com/rss/articles/CBMiigFBVV95cUxOcHNzYWgwZTJIZnM5OHJfNXAtZjNnYktDM3lVcVBkRDgzY0lGRERrSWNIcVpIdlJ3WDlEcW5rLU1EeUhueTdxWTJleVg4bGpMUmQ4Y0liLXczVTYzdWJJMnZvVkdWWVplWHVuSTcyWlRtZGJxdlpKS3lpTzBCOEpYaHVyM3dOM1RCaXc?oc=5
"Democrats drive voter opposition to data centers, ",,,requires_redirect_resolution,https://news.google.com/rss/articles/CBMikgFBVV95cUxPZFkxcTh4THFHZWlRc0JkdElGc1lPZVo5cXd0UVJjbjlpbmxKbUx3SVd3NHZaQV9Gb0FCZjlOWlUyYXUtMDJqX0gyTmZWc2VTNXRfbUI0R2hldmxXcXJpa0Jlc0dQWklwNGVfbmhRd0NJX3VYdG9zQjA2MGVDb0ZUVjc0cmstNDhmQktpQlpocWg4Zw?oc=5
A growing political reckoning is coming for data c,,,requires_redirect_resolution,https://news.google.com/rss/articles/CBMikgFBVV95cUxPZFkxcTh4THFHZWlRc0JkdElGc1lPZVo5cXd0UVJjbjlpbmxKbUx3SVd3NHZaQV9Gb0FCZjlOWlUyYXUtMDJqX0gyTmZWc2VTNXRfbUI0R2hldmxXcXJpa0Jlc0dQWklwNGVfbmhRd0NJX3VYdG9zQjA2MGVDb0ZUVjc0cmstNDhmQktpQlpocWg4Zw?oc=5
Spokane County weighs zoning rules over data cente,,,requires_redirect_resolution,https://news.google.com/rss/articles/CBMinAFBVV95cUxNemN1YmNYYnVCRXJDNWNaWjY2UEoxVTdRdGkzSHk0MjFQYXcxbXNSM2Q1cGEyUmp5NmEteHZGRld2UC1NOHBmdlFXRHh1RkxFN3BQNENIQjFXUllkVUNWMVJ6YWxfRzdaUFhEZ3VJc1l4NEpQa2F3RFEtZjdoeEtPUjJtdWpBVkcyS3VORllmVnZpU2pXM2k0TFBCdDHSAZwBQVVfeXFMTXpjdWJjWGJ1QkVyQzVjWlo2NlBKMVU3UXRpM0h5NDIxUGF3MW1zUjNkNXBhMlJqeTZhLXh2RkZXdlAtTThwZnZRV0R4dUZMRTdwUDRDSEIxV1JZZFVDVjFSemFsX0c3WlBYRGd1SXNZeDRKUGthd0RRLWY3aHhLT1IybXVqQVZHMkt1TkZZZlZ2aVNqVzNpNExQQnQx?oc=5
Lowndes County residents continue to push for data,,,requires_redirect_resolution,https://news.google.com/rss/articles/CBMi2AFBVV95cUxNdi1QQ2h4RG8xdU1ZNE9NNl9VWDdvRmdjR0s3TTR2TGZfMXN2Vlpna3JFbFZWZUxrbnhxaFZrcnhYTmV2WnZVdmpDNFBUUFh4S3BmS1RTU0drVXFmdnM2QkpwdVVqSFpKS3YtLUJWbzM3aVFRQzhWVm1nX3ZCYVdOOVpaeHk4clZibzJheE1aY0haY1d6ckxYWVNhOEFuLWNCSkMwT25VM3licVBpNU5RZURWanJTMzB0SEZneF9TMGlPT2w5TFhPcUUwYnp4WVBYN1VZcDJjeHM?oc=5
Butler County Commissioners approve short-term dat,,,requires_redirect_resolution,https://news.google.com/rss/articles/CBMikwFBVV95cUxOQXdXMlRxeFV4R0NuaEZXMHN4TW9Ed2lPWllUSXdtdHhFWEpMV3BjZndnVlVURGNmR0JxLVluTzdyQ0xRWXRnLWlOU1p1Tkh3dHFwNWY0YkVTRGJEaDI1SVg2VWJoNnN1am9CWElxRHJPcE1CZllyN09PTkhYOFZQN1kzSlZ1cHhvOS1JQ1VyNFViRGM?oc=5
Augusta extends data center moratorium after publi,,,requires_redirect_resolution,https://news.google.com/rss/articles/CBMi3gFBVV95cUxOUGczSXZMby12UFpRUXNuZWxVRmJqeWNZRmRRQkJfb1hkZnA3V0ZLVVJRZFJ4U0lkbFpUbFBXYWdKLUpMNGhZUlJLaERlZmpPaGstNjVnVTNPWEJXWGloWm80aWlVcmZVdlVObFJGV2tnRGhzZGNITkNWNVBpaUtTVlFXUWtKel8zZVE5XzNYa1dULXU2VHhEcFBhOGZNWmt1R0RrcThSTk9aLXd3RzZlcHBsbTNNRVFuY09rbVgxdlNBbHhlQU5oMUxDWnVuTHY2UnZZYUJ2c1g1Z1Q0TlE?oc=5
"City of Henderson looking at existing codes, table",,,requires_redirect_resolution,https://news.google.com/rss/articles/CBMipAFBVV95cUxPNndhWGlMQzlpNGtoVW8wbU11akhqd1NZc0lDZnh1cnJya3M1VjVDUmNYRlZ1TEpxRTFqaEtrM0ctQzNDSlNnN09lb0FNYUF2SXdkbFEwanVuLVpsVHhEcFd2RU5NdEN0eUEyYWdoNjlLU0JLcVhHTnVnVVNVTUtCZm0zMnFOQ2NkVXpXdGxJZzNDa0V5TnRyd3BodnhnalpDUFZiddIBuAFBVV95cUxOa2x4UVdXaUl4bWt1dzFNLUNHUGJ3QTY1QWpOV3NjM0p5TmdGcV9sNnVKWXc5NFhMd1p0ZHFDWHRPamlFbllydWtoTkVnZWVKT2VvYTFMRVdpMkhLZTVXSVBBMmxMN1ZrQXlibmZKd1V2YlFTT1dTT3VLdHkzTGlpcEZQeFJSMllSYnFqQ05oeGpEZ3B3aXFTczVyYlJSUllWSkplVk5tV0VHVzZEWTRlRTRLY0QtZVVa?oc=5
Federalsburg council considering moratorium on dat,,,requires_redirect_resolution,https://news.google.com/rss/articles/CBMi0AFBVV95cUxPcjliOWdxSEZsWWw2bHhYQU1kSkpxNjhBUF9nbFI5anQxLUs3UmdvdXZVQVVFdXB2bjhGRWdzV2pPNDhkdUNtV1UwTWF5OTBEQ1J2Mmk1dGM1NGt4V21NVmtjZmpFVmFxWENqY1pZeFZFOENkTG9SMmNRMFdGdUE3VDU4SFNuTnlZcHpLcEp5azBPdEV1S3dZNVZvZGpCUURNTVR3ak5ENFJPazV6YVNYNGpEXzVueHJ3TGxkSmkzRUxDbkNOWnQtUGE0ZjFXODk0?oc=5
